claim_id,subject_id,predicate,value_json,value_status,valid_from,valid_to,replaced_by,source_id,source_date,last_verified,confidence,verification_status,product_version,commit_sha,release_tag
\SCLAIM_ACADOS_CURRENT_RELEASE,\SI_ACADOS,\Scurrent_release,"\S{""status"":""unknown""}",\Sexplicit_unknown,\S2026-07-13,\N,\N,\SS043,\S2026-07-13,\S2026-07-13,\Shigh,\Ssource_pending,\N,\N,\N
\SCLAIM_ACADOS_GPU_DISTRIBUTED_SUPPORT,\SI_ACADOS,\Sgpu_distributed_support,"\S""no""",\Sverified,\S2026-07-13,\N,\N,\SS043,\S2026-07-13,\S2026-07-13,\Shigh,\Sverified,\N,\N,\N
\SCLAIM_ACADOS_IMPORTANT_OPTION_DEFAULTS,\SI_ACADOS,\Simportant_option_defaults,"\S""tolerances;limits;scaling;verbosity;method_specific_options""",\Sverified,\S2026-07-13,\N,\N,\SS043,\S2026-07-13,\S2026-07-13,\Shigh,\Sverified,\N,\N,\N
\SCLAIM_ACADOS_LICENSE_SPDX,\SI_ACADOS,\Slicense_spdx,"\S""BSD-2-Clause""",\Sverified,\S2026-07-13,\N,\N,\SS043,\S2026-07-13,\S2026-07-13,\Shigh,\Sverified,\N,\N,\N
\SCLAIM_ACADOS_MAINTENANCE_STATUS,\SI_ACADOS,\Smaintenance_status,"\S""active_docs_verified""",\Sverified,\S2026-07-13,\N,\N,\SS043,\S2026-07-13,\S2026-07-13,\Shigh,\Sverified,\N,\N,\N
\SCLAIM_ACADOS_PLATFORM_ARCHITECTURE,\SI_ACADOS,\Splatform_architecture,"\S""cross_platform""",\Sverified,\S2026-07-13,\N,\N,\SS043,\S2026-07-13,\S2026-07-13,\Shigh,\Sverified,\N,\N,\N
\SCLAIM_ACADOS_SUPPORTED_PROBLEM_CLASSES,\SI_ACADOS,\Ssupported_problem_classes,"\S""M_MULTIPLE_SHOOTING;M_SQP;M_ILQR_DDP;M_ADMM_QP""",\Sverified,\S2026-07-13,\N,\N,\SS043,\S2026-07-13,\S2026-07-13,\Shigh,\Sverified,\N,\N,\N
\SCLAIM_AX_CURRENT_RELEASE,\SI_AX,\Scurrent_release,"\S""1.3.1 (official site observed)""",\Sverified,\S2026-07-13,\N,\N,\SS036,\S2026-07-13,\S2026-07-13,\Shigh,\Sverified,\S1.3.1 (official site observed),\N,\S1.3.1 (official site observed)
\SCLAIM_AX_GPU_DISTRIBUTED_SUPPORT,\SI_AX,\Sgpu_distributed_support,"\S""via_BoTorch""",\Sverified,\S2026-07-13,\N,\N,\SS036,\S2026-07-13,\S2026-07-13,\Shigh,\Sverified,\N,\N,\N
\SCLAIM_AX_IMPORTANT_OPTION_DEFAULTS,\SI_AX,\Simportant_option_defaults,"\S""tolerances;limits;scaling;verbosity;method_specific_options""",\Sverified,\S2026-07-13,\N,\N,\SS036,\S2026-07-13,\S2026-07-13,\Shigh,\Sverified,\N,\N,\N
\SCLAIM_AX_LICENSE_SPDX,\SI_AX,\Slicense_spdx,"\S""MIT""",\Sverified,\S2026-07-13,\N,\N,\SS036,\S2026-07-13,\S2026-07-13,\Shigh,\Sverified,\N,\N,\N
\SCLAIM_AX_MAINTENANCE_STATUS,\SI_AX,\Smaintenance_status,"\S""active_docs_verified""",\Sverified,\S2026-07-13,\N,\N,\SS036,\S2026-07-13,\S2026-07-13,\Shigh,\Sverified,\N,\N,\N
\SCLAIM_AX_PLATFORM_ARCHITECTURE,\SI_AX,\Splatform_architecture,"\S""cross_platform""",\Sverified,\S2026-07-13,\N,\N,\SS036,\S2026-07-13,\S2026-07-13,\Shigh,\Sverified,\N,\N,\N
\SCLAIM_AX_SUPPORTED_PROBLEM_CLASSES,\SI_AX,\Ssupported_problem_classes,"\S""M_BAYESIAN_OPT_GP;M_TURBO_SAASBO;M_RANDOM_SEARCH""",\Sverified,\S2026-07-13,\N,\N,\SS036,\S2026-07-13,\S2026-07-13,\Shigh,\Sverified,\N,\N,\N
\SCLAIM_BOTORCH_CURRENT_RELEASE,\SI_BOTORCH,\Scurrent_release,"\S""0.18.1 (official site observed)""",\Sverified,\S2026-07-13,\N,\N,\SS035,\S2026-07-13,\S2026-07-13,\Shigh,\Sverified,\S0.18.1 (official site observed),\N,\S0.18.1 (official site observed)
\SCLAIM_BOTORCH_GPU_DISTRIBUTED_SUPPORT,\SI_BOTORCH,\Sgpu_distributed_support,"\S""yes_PyTorch""",\Sverified,\S2026-07-13,\N,\N,\SS035,\S2026-07-13,\S2026-07-13,\Shigh,\Sverified,\N,\N,\N
\SCLAIM_BOTORCH_IMPORTANT_OPTION_DEFAULTS,\SI_BOTORCH,\Simportant_option_defaults,"\S""tolerances;limits;scaling;verbosity;method_specific_options""",\Sverified,\S2026-07-13,\N,\N,\SS035,\S2026-07-13,\S2026-07-13,\Shigh,\Sverified,\N,\N,\N
\SCLAIM_BOTORCH_LICENSE_SPDX,\SI_BOTORCH,\Slicense_spdx,"\S""MIT""",\Sverified,\S2026-07-13,\N,\N,\SS035,\S2026-07-13,\S2026-07-13,\Shigh,\Sverified,\N,\N,\N
\SCLAIM_BOTORCH_MAINTENANCE_STATUS,\SI_BOTORCH,\Smaintenance_status,"\S""active_docs_verified""",\Sverified,\S2026-07-13,\N,\N,\SS035,\S2026-07-13,\S2026-07-13,\Shigh,\Sverified,\N,\N,\N
\SCLAIM_BOTORCH_PLATFORM_ARCHITECTURE,\SI_BOTORCH,\Splatform_architecture,"\S""cross_platform""",\Sverified,\S2026-07-13,\N,\N,\SS035,\S2026-07-13,\S2026-07-13,\Shigh,\Sverified,\N,\N,\N
\SCLAIM_BOTORCH_SUPPORTED_PROBLEM_CLASSES,\SI_BOTORCH,\Ssupported_problem_classes,"\S""M_BAYESIAN_OPT_GP;M_TURBO_SAASBO""",\Sverified,\S2026-07-13,\N,\N,\SS035,\S2026-07-13,\S2026-07-13,\Shigh,\Sverified,\N,\N,\N
\SCLAIM_CASADI_CURRENT_RELEASE,\SI_CASADI,\Scurrent_release,"\S{""status"":""unknown""}",\Sexplicit_unknown,\S2026-07-13,\N,\N,\SS042,\S2026-07-13,\S2026-07-13,\Shigh,\Ssource_pending,\N,\N,\N
\SCLAIM_CASADI_GPU_DISTRIBUTED_SUPPORT,\SI_CASADI,\Sgpu_distributed_support,"\S""limited/external""",\Sverified,\S2026-07-13,\N,\N,\SS042,\S2026-07-13,\S2026-07-13,\Shigh,\Sverified,\N,\N,\N
\SCLAIM_CASADI_IMPORTANT_OPTION_DEFAULTS,\SI_CASADI,\Simportant_option_defaults,"\S""tolerances;limits;scaling;verbosity;method_specific_options""",\Sverified,\S2026-07-13,\N,\N,\SS042,\S2026-07-13,\S2026-07-13,\Shigh,\Sverified,\N,\N,\N
\SCLAIM_CASADI_LICENSE_SPDX,\SI_CASADI,\Slicense_spdx,"\S""LGPL-3.0""",\Sverified,\S2026-07-13,\N,\N,\SS042,\S2026-07-13,\S2026-07-13,\Shigh,\Sverified,\N,\N,\N
\SCLAIM_CASADI_MAINTENANCE_STATUS,\SI_CASADI,\Smaintenance_status,"\S""active_docs_verified""",\Sverified,\S2026-07-13,\N,\N,\SS042,\S2026-07-13,\S2026-07-13,\Shigh,\Sverified,\N,\N,\N
\SCLAIM_CASADI_PLATFORM_ARCHITECTURE,\SI_CASADI,\Splatform_architecture,"\S""cross_platform""",\Sverified,\S2026-07-13,\N,\N,\SS042,\S2026-07-13,\S2026-07-13,\Shigh,\Sverified,\N,\N,\N
\SCLAIM_CASADI_SUPPORTED_PROBLEM_CLASSES,\SI_CASADI,\Ssupported_problem_classes,"\S""M_INTERIOR_POINT_NLP;M_SQP;M_MULTIPLE_SHOOTING;M_DIRECT_COLLOCATION""",\Sverified,\S2026-07-13,\N,\N,\SS042,\S2026-07-13,\S2026-07-13,\Shigh,\Sverified,\N,\N,\N
\SCLAIM_CBC_CURRENT_RELEASE,\SI_CBC,\Scurrent_release,"\S{""status"":""unknown""}",\Sexplicit_unknown,\S2026-07-13,\N,\N,\SS026,\S2026-07-13,\S2026-07-13,\Shigh,\Ssource_pending,\N,\N,\N
\SCLAIM_CBC_GPU_DISTRIBUTED_SUPPORT,\SI_CBC,\Sgpu_distributed_support,"\S""no""",\Sverified,\S2026-07-13,\N,\N,\SS026,\S2026-07-13,\S2026-07-13,\Shigh,\Sverified,\N,\N,\N
\SCLAIM_CBC_IMPORTANT_OPTION_DEFAULTS,\SI_CBC,\Simportant_option_defaults,"\S""tolerances;limits;scaling;verbosity;method_specific_options""",\Sverified,\S2026-07-13,\N,\N,\SS026,\S2026-07-13,\S2026-07-13,\Shigh,\Sverified,\N,\N,\N
\SCLAIM_CBC_LICENSE_SPDX,\SI_CBC,\Slicense_spdx,"\S""EPL-2.0""",\Sverified,\S2026-07-13,\N,\N,\SS026,\S2026-07-13,\S2026-07-13,\Shigh,\Sverified,\N,\N,\N
\SCLAIM_CBC_MAINTENANCE_STATUS,\SI_CBC,\Smaintenance_status,"\S""active_docs_verified""",\Sverified,\S2026-07-13,\N,\N,\SS026,\S2026-07-13,\S2026-07-13,\Shigh,\Sverified,\N,\N,\N
\SCLAIM_CBC_PLATFORM_ARCHITECTURE,\SI_CBC,\Splatform_architecture,"\S""cross_platform""",\Sverified,\S2026-07-13,\N,\N,\SS026,\S2026-07-13,\S2026-07-13,\Shigh,\Sverified,\N,\N,\N
\SCLAIM_CBC_SUPPORTED_PROBLEM_CLASSES,\SI_CBC,\Ssupported_problem_classes,"\S""M_BRANCH_CUT""",\Sverified,\S2026-07-13,\N,\N,\SS026,\S2026-07-13,\S2026-07-13,\Shigh,\Sverified,\N,\N,\N
\SCLAIM_CERES_CURRENT_RELEASE,\SI_CERES,\Scurrent_release,"\S{""status"":""unknown""}",\Sexplicit_unknown,\S2026-07-13,\N,\N,\SS041,\S2026-07-13,\S2026-07-13,\Shigh,\Ssource_pending,\N,\N,\N
\SCLAIM_CERES_GPU_DISTRIBUTED_SUPPORT,\SI_CERES,\Sgpu_distributed_support,"\S""no""",\Sverified,\S2026-07-13,\N,\N,\SS041,\S2026-07-13,\S2026-07-13,\Shigh,\Sverified,\N,\N,\N
\SCLAIM_CERES_IMPORTANT_OPTION_DEFAULTS,\SI_CERES,\Simportant_option_defaults,"\S""tolerances;limits;scaling;verbosity;method_specific_options""",\Sverified,\S2026-07-13,\N,\N,\SS041,\S2026-07-13,\S2026-07-13,\Shigh,\Sverified,\N,\N,\N
\SCLAIM_CERES_LICENSE_SPDX,\SI_CERES,\Slicense_spdx,"\S""BSD-3-Clause""",\Sverified,\S2026-07-13,\N,\N,\SS041,\S2026-07-13,\S2026-07-13,\Shigh,\Sverified,\N,\N,\N
\SCLAIM_CERES_MAINTENANCE_STATUS,\SI_CERES,\Smaintenance_status,"\S""active_docs_verified""",\Sverified,\S2026-07-13,\N,\N,\SS041,\S2026-07-13,\S2026-07-13,\Shigh,\Sverified,\N,\N,\N
\SCLAIM_CERES_PLATFORM_ARCHITECTURE,\SI_CERES,\Splatform_architecture,"\S""cross_platform""",\Sverified,\S2026-07-13,\N,\N,\SS041,\S2026-07-13,\S2026-07-13,\Shigh,\Sverified,\N,\N,\N
\SCLAIM_CERES_SUPPORTED_PROBLEM_CLASSES,\SI_CERES,\Ssupported_problem_classes,"\S""M_GAUSS_NEWTON;M_LEVENBERG_MARQUARDT;M_TRUST_KRYLOV""",\Sverified,\S2026-07-13,\N,\N,\SS041,\S2026-07-13,\S2026-07-13,\Shigh,\Sverified,\N,\N,\N
\SCLAIM_CLARABEL_CURRENT_RELEASE,\SI_CLARABEL,\Scurrent_release,"\S{""status"":""unknown""}",\Sexplicit_unknown,\S2026-07-13,\N,\N,\SS014,\S2026-07-13,\S2026-07-13,\Shigh,\Ssource_pending,\N,\N,\N
\SCLAIM_CLARABEL_GPU_DISTRIBUTED_SUPPORT,\SI_CLARABEL,\Sgpu_distributed_support,"\S""no""",\Sverified,\S2026-07-13,\N,\N,\SS014,\S2026-07-13,\S2026-07-13,\Shigh,\Sverified,\N,\N,\N
\SCLAIM_CLARABEL_IMPORTANT_OPTION_DEFAULTS,\SI_CLARABEL,\Simportant_option_defaults,"\S""tolerances;limits;scaling;verbosity;method_specific_options""",\Sverified,\S2026-07-13,\N,\N,\SS014,\S2026-07-13,\S2026-07-13,\Shigh,\Sverified,\N,\N,\N
\SCLAIM_CLARABEL_LICENSE_SPDX,\SI_CLARABEL,\Slicense_spdx,"\S""Apache-2.0""",\Sverified,\S2026-07-13,\N,\N,\SS014,\S2026-07-13,\S2026-07-13,\Shigh,\Sverified,\N,\N,\N
\SCLAIM_CLARABEL_MAINTENANCE_STATUS,\SI_CLARABEL,\Smaintenance_status,"\S""active_docs_verified""",\Sverified,\S2026-07-13,\N,\N,\SS014,\S2026-07-13,\S2026-07-13,\Shigh,\Sverified,\N,\N,\N
\SCLAIM_CLARABEL_PLATFORM_ARCHITECTURE,\SI_CLARABEL,\Splatform_architecture,"\S""cross_platform""",\Sverified,\S2026-07-13,\N,\N,\SS014,\S2026-07-13,\S2026-07-13,\Shigh,\Sverified,\N,\N,\N
\SCLAIM_CLARABEL_SUPPORTED_PROBLEM_CLASSES,\SI_CLARABEL,\Ssupported_problem_classes,"\S""M_PRIMAL_DUAL_CONIC;M_BARRIER_LP_QP""",\Sverified,\S2026-07-13,\N,\N,\SS014,\S2026-07-13,\S2026-07-13,\Shigh,\Sverified,\N,\N,\N
\SCLAIM_CPLEX_CURRENT_RELEASE,\SI_CPLEX,\Scurrent_release,"\S{""status"":""unknown""}",\Sexplicit_unknown,\S2026-07-13,\N,\N,\SS025,\S2026-07-13,\S2026-07-13,\Shigh,\Ssource_pending,\N,\N,\N
\SCLAIM_CPLEX_GPU_DISTRIBUTED_SUPPORT,\SI_CPLEX,\Sgpu_distributed_support,"\S""no""",\Sverified,\S2026-07-13,\N,\N,\SS025,\S2026-07-13,\S2026-07-13,\Shigh,\Sverified,\N,\N,\N
\SCLAIM_CPLEX_IMPORTANT_OPTION_DEFAULTS,\SI_CPLEX,\Simportant_option_defaults,"\S""tolerances;limits;scaling;verbosity;method_specific_options""",\Sverified,\S2026-07-13,\N,\N,\SS025,\S2026-07-13,\S2026-07-13,\Shigh,\Sverified,\N,\N,\N
\SCLAIM_CPLEX_LICENSE_SPDX,\SI_CPLEX,\Slicense_spdx,"\S""Proprietary""",\Sverified,\S2026-07-13,\N,\N,\SS025,\S2026-07-13,\S2026-07-13,\Shigh,\Sverified,\N,\N,\N
\SCLAIM_CPLEX_MAINTENANCE_STATUS,\SI_CPLEX,\Smaintenance_status,"\S""active_docs_verified""",\Sverified,\S2026-07-13,\N,\N,\SS025,\S2026-07-13,\S2026-07-13,\Shigh,\Sverified,\N,\N,\N
\SCLAIM_CPLEX_PLATFORM_ARCHITECTURE,\SI_CPLEX,\Splatform_architecture,"\S""cross_platform""",\Sverified,\S2026-07-13,\N,\N,\SS025,\S2026-07-13,\S2026-07-13,\Shigh,\Sverified,\N,\N,\N
\SCLAIM_CPLEX_SUPPORTED_PROBLEM_CLASSES,\SI_CPLEX,\Ssupported_problem_classes,"\S""M_SIMPLEX;M_BARRIER_LP_QP;M_BRANCH_CUT""",\Sverified,\S2026-07-13,\N,\N,\SS025,\S2026-07-13,\S2026-07-13,\Shigh,\Sverified,\N,\N,\N
\SCLAIM_CVXOPT_CURRENT_RELEASE,\SI_CVXOPT,\Scurrent_release,"\S{""status"":""unknown""}",\Sexplicit_unknown,\S2026-07-13,\N,\N,\SS015,\S2026-07-13,\S2026-07-13,\Shigh,\Ssource_pending,\N,\N,\N
\SCLAIM_CVXOPT_GPU_DISTRIBUTED_SUPPORT,\SI_CVXOPT,\Sgpu_distributed_support,"\S""no""",\Sverified,\S2026-07-13,\N,\N,\SS015,\S2026-07-13,\S2026-07-13,\Shigh,\Sverified,\N,\N,\N
\SCLAIM_CVXOPT_IMPORTANT_OPTION_DEFAULTS,\SI_CVXOPT,\Simportant_option_defaults,"\S""tolerances;limits;scaling;verbosity;method_specific_options""",\Sverified,\S2026-07-13,\N,\N,\SS015,\S2026-07-13,\S2026-07-13,\Shigh,\Sverified,\N,\N,\N
\SCLAIM_CVXOPT_LICENSE_SPDX,\SI_CVXOPT,\Slicense_spdx,"\S""GPL-3.0""",\Sverified,\S2026-07-13,\N,\N,\SS015,\S2026-07-13,\S2026-07-13,\Shigh,\Sverified,\N,\N,\N
\SCLAIM_CVXOPT_MAINTENANCE_STATUS,\SI_CVXOPT,\Smaintenance_status,"\S""active_docs_verified""",\Sverified,\S2026-07-13,\N,\N,\SS015,\S2026-07-13,\S2026-07-13,\Shigh,\Sverified,\N,\N,\N
\SCLAIM_CVXOPT_PLATFORM_ARCHITECTURE,\SI_CVXOPT,\Splatform_architecture,"\S""cross_platform""",\Sverified,\S2026-07-13,\N,\N,\SS015,\S2026-07-13,\S2026-07-13,\Shigh,\Sverified,\N,\N,\N
\SCLAIM_CVXOPT_SUPPORTED_PROBLEM_CLASSES,\SI_CVXOPT,\Ssupported_problem_classes,"\S""M_BARRIER_LP_QP;M_PRIMAL_DUAL_CONIC""",\Sverified,\S2026-07-13,\N,\N,\SS015,\S2026-07-13,\S2026-07-13,\Shigh,\Sverified,\N,\N,\N
\SCLAIM_CVXPY_CURRENT_RELEASE,\SI_CVXPY,\Scurrent_release,"\S""1.9.1""",\Sverified,\S2026-07-13,\N,\N,\SS010,\S2026-07-13,\S2026-07-13,\Shigh,\Sverified,\S1.9.1,\N,\S1.9.1
\SCLAIM_CVXPY_GPU_DISTRIBUTED_SUPPORT,\SI_CVXPY,\Sgpu_distributed_support,"\S""backend_dependent""",\Sverified,\S2026-07-13,\N,\N,\SS010,\S2026-07-13,\S2026-07-13,\Shigh,\Sverified,\N,\N,\N
\SCLAIM_CVXPY_IMPORTANT_OPTION_DEFAULTS,\SI_CVXPY,\Simportant_option_defaults,"\S""tolerances;limits;scaling;verbosity;method_specific_options""",\Sverified,\S2026-07-13,\N,\N,\SS010,\S2026-07-13,\S2026-07-13,\Shigh,\Sverified,\N,\N,\N
\SCLAIM_CVXPY_LICENSE_SPDX,\SI_CVXPY,\Slicense_spdx,"\S""Apache-2.0""",\Sverified,\S2026-07-13,\N,\N,\SS010,\S2026-07-13,\S2026-07-13,\Shigh,\Sverified,\N,\N,\N
\SCLAIM_CVXPY_MAINTENANCE_STATUS,\SI_CVXPY,\Smaintenance_status,"\S""active_docs_verified""",\Sverified,\S2026-07-13,\N,\N,\SS010,\S2026-07-13,\S2026-07-13,\Shigh,\Sverified,\N,\N,\N
\SCLAIM_CVXPY_PLATFORM_ARCHITECTURE,\SI_CVXPY,\Splatform_architecture,"\S""cross_platform""",\Sverified,\S2026-07-13,\N,\N,\SS010,\S2026-07-13,\S2026-07-13,\Shigh,\Sverified,\N,\N,\N
\SCLAIM_CVXPY_SUPPORTED_PROBLEM_CLASSES,\SI_CVXPY,\Ssupported_problem_classes,"\S""M_PRIMAL_DUAL_CONIC;M_ADMM_QP;M_BRANCH_CUT;M_BARRIER_LP_QP""",\Sverified,\S2026-07-13,\N,\N,\SS010,\S2026-07-13,\S2026-07-13,\Shigh,\Sverified,\N,\N,\N
\SCLAIM_DEAP_CURRENT_RELEASE,\SI_DEAP,\Scurrent_release,"\S{""status"":""unknown""}",\Sexplicit_unknown,\S2026-07-13,\N,\N,\SS040,\S2026-07-13,\S2026-07-13,\Shigh,\Ssource_pending,\N,\N,\N
\SCLAIM_DEAP_GPU_DISTRIBUTED_SUPPORT,\SI_DEAP,\Sgpu_distributed_support,"\S""no""",\Sverified,\S2026-07-13,\N,\N,\SS040,\S2026-07-13,\S2026-07-13,\Shigh,\Sverified,\N,\N,\N
\SCLAIM_DEAP_IMPORTANT_OPTION_DEFAULTS,\SI_DEAP,\Simportant_option_defaults,"\S""tolerances;limits;scaling;verbosity;method_specific_options""",\Sverified,\S2026-07-13,\N,\N,\SS040,\S2026-07-13,\S2026-07-13,\Shigh,\Sverified,\N,\N,\N
\SCLAIM_DEAP_LICENSE_SPDX,\SI_DEAP,\Slicense_spdx,"\S""LGPL-3.0""",\Sverified,\S2026-07-13,\N,\N,\SS040,\S2026-07-13,\S2026-07-13,\Shigh,\Sverified,\N,\N,\N
\SCLAIM_DEAP_MAINTENANCE_STATUS,\SI_DEAP,\Smaintenance_status,"\S""active_docs_verified""",\Sverified,\S2026-07-13,\N,\N,\SS040,\S2026-07-13,\S2026-07-13,\Shigh,\Sverified,\N,\N,\N
\SCLAIM_DEAP_PLATFORM_ARCHITECTURE,\SI_DEAP,\Splatform_architecture,"\S""cross_platform""",\Sverified,\S2026-07-13,\N,\N,\SS040,\S2026-07-13,\S2026-07-13,\Shigh,\Sverified,\N,\N,\N
\SCLAIM_DEAP_SUPPORTED_PROBLEM_CLASSES,\SI_DEAP,\Ssupported_problem_classes,"\S""M_GENETIC_ALGORITHM;M_PARTICLE_SWARM;M_NSGA_II""",\Sverified,\S2026-07-13,\N,\N,\SS040,\S2026-07-13,\S2026-07-13,\Shigh,\Sverified,\N,\N,\N
\SCLAIM_DRAKE_CURRENT_RELEASE,\SI_DRAKE,\Scurrent_release,"\S{""status"":""unknown""}",\Sexplicit_unknown,\S2026-07-13,\N,\N,\SS050,\S2026-07-13,\S2026-07-13,\Shigh,\Ssource_pending,\N,\N,\N
\SCLAIM_DRAKE_GPU_DISTRIBUTED_SUPPORT,\SI_DRAKE,\Sgpu_distributed_support,"\S""no""",\Sverified,\S2026-07-13,\N,\N,\SS050,\S2026-07-13,\S2026-07-13,\Shigh,\Sverified,\N,\N,\N
\SCLAIM_DRAKE_IMPORTANT_OPTION_DEFAULTS,\SI_DRAKE,\Simportant_option_defaults,"\S""tolerances;limits;scaling;verbosity;method_specific_options""",\Sverified,\S2026-07-13,\N,\N,\SS050,\S2026-07-13,\S2026-07-13,\Shigh,\Sverified,\N,\N,\N
\SCLAIM_DRAKE_LICENSE_SPDX,\SI_DRAKE,\Slicense_spdx,"\S""BSD-3-Clause""",\Sverified,\S2026-07-13,\N,\N,\SS050,\S2026-07-13,\S2026-07-13,\Shigh,\Sverified,\N,\N,\N
\SCLAIM_DRAKE_MAINTENANCE_STATUS,\SI_DRAKE,\Smaintenance_status,"\S""active_docs_verified""",\Sverified,\S2026-07-13,\N,\N,\SS050,\S2026-07-13,\S2026-07-13,\Shigh,\Sverified,\N,\N,\N
\SCLAIM_DRAKE_PLATFORM_ARCHITECTURE,\SI_DRAKE,\Splatform_architecture,"\S""cross_platform""",\Sverified,\S2026-07-13,\N,\N,\SS050,\S2026-07-13,\S2026-07-13,\Shigh,\Sverified,\N,\N,\N
\SCLAIM_DRAKE_SUPPORTED_PROBLEM_CLASSES,\SI_DRAKE,\Ssupported_problem_classes,"\S""M_DIRECT_COLLOCATION;M_MULTIPLE_SHOOTING;M_INTERIOR_POINT_NLP;M_BRANCH_CUT""",\Sverified,\S2026-07-13,\N,\N,\SS050,\S2026-07-13,\S2026-07-13,\Shigh,\Sverified,\N,\N,\N
\SCLAIM_EXCEL_SOLVER_CURRENT_RELEASE,\SI_EXCEL_SOLVER,\Scurrent_release,"\S{""status"":""unknown""}",\Sexplicit_unknown,\S2026-07-13,\N,\N,\SS081,\S2026-07-13,\S2026-07-13,\Shigh,\Ssource_pending,\N,\N,\N
\SCLAIM_EXCEL_SOLVER_GPU_DISTRIBUTED_SUPPORT,\SI_EXCEL_SOLVER,\Sgpu_distributed_support,"\S""no""",\Sverified,\S2026-07-13,\N,\N,\SS081,\S2026-07-13,\S2026-07-13,\Shigh,\Sverified,\N,\N,\N
\SCLAIM_EXCEL_SOLVER_IMPORTANT_OPTION_DEFAULTS,\SI_EXCEL_SOLVER,\Simportant_option_defaults,"\S""tolerances;limits;scaling;verbosity;method_specific_options""",\Sverified,\S2026-07-13,\N,\N,\SS081,\S2026-07-13,\S2026-07-13,\Shigh,\Sverified,\N,\N,\N
\SCLAIM_EXCEL_SOLVER_LICENSE_SPDX,\SI_EXCEL_SOLVER,\Slicense_spdx,"\S""Proprietary bundled component""",\Sverified,\S2026-07-13,\N,\N,\SS081,\S2026-07-13,\S2026-07-13,\Shigh,\Sverified,\N,\N,\N
\SCLAIM_EXCEL_SOLVER_MAINTENANCE_STATUS,\SI_EXCEL_SOLVER,\Smaintenance_status,"\S""active_docs_verified""",\Sverified,\S2026-07-13,\N,\N,\SS081,\S2026-07-13,\S2026-07-13,\Shigh,\Sverified,\N,\N,\N
\SCLAIM_EXCEL_SOLVER_PLATFORM_ARCHITECTURE,\SI_EXCEL_SOLVER,\Splatform_architecture,"\S""Windows;macOS_feature_differences""",\Sverified,\S2026-07-13,\N,\N,\SS081,\S2026-07-13,\S2026-07-13,\Shigh,\Sverified,\N,\N,\N
\SCLAIM_EXCEL_SOLVER_SUPPORTED_PROBLEM_CLASSES,\SI_EXCEL_SOLVER,\Ssupported_problem_classes,"\S""M_SIMPLEX;M_GRADIENT_DESCENT;M_BRANCH_BOUND""",\Sverified,\S2026-07-13,\N,\N,\SS081,\S2026-07-13,\S2026-07-13,\Shigh,\Sverified,\N,\N,\N
\SCLAIM_GLPK_CURRENT_RELEASE,\SI_GLPK,\Scurrent_release,"\S{""status"":""unknown""}",\Sexplicit_unknown,\S2026-07-13,\N,\N,\SS027,\S2026-07-13,\S2026-07-13,\Shigh,\Ssource_pending,\N,\N,\N
\SCLAIM_GLPK_GPU_DISTRIBUTED_SUPPORT,\SI_GLPK,\Sgpu_distributed_support,"\S""no""",\Sverified,\S2026-07-13,\N,\N,\SS027,\S2026-07-13,\S2026-07-13,\Shigh,\Sverified,\N,\N,\N
\SCLAIM_GLPK_IMPORTANT_OPTION_DEFAULTS,\SI_GLPK,\Simportant_option_defaults,"\S""tolerances;limits;scaling;verbosity;method_specific_options""",\Sverified,\S2026-07-13,\N,\N,\SS027,\S2026-07-13,\S2026-07-13,\Shigh,\Sverified,\N,\N,\N
\SCLAIM_GLPK_LICENSE_SPDX,\SI_GLPK,\Slicense_spdx,"\S""GPL-3.0""",\Sverified,\S2026-07-13,\N,\N,\SS027,\S2026-07-13,\S2026-07-13,\Shigh,\Sverified,\N,\N,\N
\SCLAIM_GLPK_MAINTENANCE_STATUS,\SI_GLPK,\Smaintenance_status,"\S""active_docs_verified""",\Sverified,\S2026-07-13,\N,\N,\SS027,\S2026-07-13,\S2026-07-13,\Shigh,\Sverified,\N,\N,\N
\SCLAIM_GLPK_PLATFORM_ARCHITECTURE,\SI_GLPK,\Splatform_architecture,"\S""cross_platform""",\Sverified,\S2026-07-13,\N,\N,\SS027,\S2026-07-13,\S2026-07-13,\Shigh,\Sverified,\N,\N,\N
\SCLAIM_GLPK_SUPPORTED_PROBLEM_CLASSES,\SI_GLPK,\Ssupported_problem_classes,"\S""M_SIMPLEX;M_BARRIER_LP_QP;M_BRANCH_CUT""",\Sverified,\S2026-07-13,\N,\N,\SS027,\S2026-07-13,\S2026-07-13,\Shigh,\Sverified,\N,\N,\N
\SCLAIM_GUROBI_CURRENT_RELEASE,\SI_GUROBI,\Scurrent_release,"\S{""status"":""unknown""}",\Sexplicit_unknown,\S2026-07-13,\N,\N,\SS024,\S2026-07-13,\S2026-07-13,\Shigh,\Ssource_pending,\N,\N,\N
\SCLAIM_GUROBI_GPU_DISTRIBUTED_SUPPORT,\SI_GUROBI,\Sgpu_distributed_support,"\S""no_or_feature_dependent""",\Sverified,\S2026-07-13,\N,\N,\SS024,\S2026-07-13,\S2026-07-13,\Shigh,\Sverified,\N,\N,\N
\SCLAIM_GUROBI_IMPORTANT_OPTION_DEFAULTS,\SI_GUROBI,\Simportant_option_defaults,"\S""tolerances;limits;scaling;verbosity;method_specific_options""",\Sverified,\S2026-07-13,\N,\N,\SS024,\S2026-07-13,\S2026-07-13,\Shigh,\Sverified,\N,\N,\N
\SCLAIM_GUROBI_LICENSE_SPDX,\SI_GUROBI,\Slicense_spdx,"\S""Proprietary""",\Sverified,\S2026-07-13,\N,\N,\SS024,\S2026-07-13,\S2026-07-13,\Shigh,\Sverified,\N,\N,\N
\SCLAIM_GUROBI_MAINTENANCE_STATUS,\SI_GUROBI,\Smaintenance_status,"\S""active_docs_verified""",\Sverified,\S2026-07-13,\N,\N,\SS024,\S2026-07-13,\S2026-07-13,\Shigh,\Sverified,\N,\N,\N
\SCLAIM_GUROBI_PLATFORM_ARCHITECTURE,\SI_GUROBI,\Splatform_architecture,"\S""cross_platform""",\Sverified,\S2026-07-13,\N,\N,\SS024,\S2026-07-13,\S2026-07-13,\Shigh,\Sverified,\N,\N,\N
\SCLAIM_GUROBI_SUPPORTED_PROBLEM_CLASSES,\SI_GUROBI,\Ssupported_problem_classes,"\S""M_SIMPLEX;M_BARRIER_LP_QP;M_BRANCH_CUT;M_SPATIAL_BRANCH_BOUND""",\Sverified,\S2026-07-13,\N,\N,\SS024,\S2026-07-13,\S2026-07-13,\Shigh,\Sverified,\N,\N,\N
\SCLAIM_HIGHS_NATIVE_CURRENT_RELEASE,\SI_HIGHS_NATIVE,\Scurrent_release,"\S""1.15.1""",\Sverified,\S2026-07-13,\N,\N,\SS016,\S2026-07-13,\S2026-07-13,\Shigh,\Sverified,\S1.15.1,\N,\S1.15.1
\SCLAIM_HIGHS_NATIVE_GPU_DISTRIBUTED_SUPPORT,\SI_HIGHS_NATIVE,\Sgpu_distributed_support,"\S""no""",\Sverified,\S2026-07-13,\N,\N,\SS016,\S2026-07-13,\S2026-07-13,\Shigh,\Sverified,\N,\N,\N
\SCLAIM_HIGHS_NATIVE_IMPORTANT_OPTION_DEFAULTS,\SI_HIGHS_NATIVE,\Simportant_option_defaults,"\S""tolerances;limits;scaling;verbosity;method_specific_options""",\Sverified,\S2026-07-13,\N,\N,\SS016,\S2026-07-13,\S2026-07-13,\Shigh,\Sverified,\N,\N,\N
\SCLAIM_HIGHS_NATIVE_LICENSE_SPDX,\SI_HIGHS_NATIVE,\Slicense_spdx,"\S""MIT""",\Sverified,\S2026-07-13,\N,\N,\SS016,\S2026-07-13,\S2026-07-13,\Shigh,\Sverified,\N,\N,\N
\SCLAIM_HIGHS_NATIVE_MAINTENANCE_STATUS,\SI_HIGHS_NATIVE,\Smaintenance_status,"\S""active_docs_verified""",\Sverified,\S2026-07-13,\N,\N,\SS016,\S2026-07-13,\S2026-07-13,\Shigh,\Sverified,\N,\N,\N
\SCLAIM_HIGHS_NATIVE_PLATFORM_ARCHITECTURE,\SI_HIGHS_NATIVE,\Splatform_architecture,"\S""cross_platform""",\Sverified,\S2026-07-13,\N,\N,\SS016,\S2026-07-13,\S2026-07-13,\Shigh,\Sverified,\N,\N,\N
\SCLAIM_HIGHS_NATIVE_SUPPORTED_PROBLEM_CLASSES,\SI_HIGHS_NATIVE,\Ssupported_problem_classes,"\S""M_SIMPLEX;M_DUAL_SIMPLEX;M_BARRIER_LP_QP;M_BRANCH_CUT""",\Sverified,\S2026-07-13,\N,\N,\SS016,\S2026-07-13,\S2026-07-13,\Shigh,\Sverified,\N,\N,\N
\SCLAIM_IPOPT_CURRENT_RELEASE,\SI_IPOPT,\Scurrent_release,"\S""3.14.19""",\Sverified,\S2026-07-13,\N,\N,\SS017,\S2026-07-13,\S2026-07-13,\Shigh,\Sverified,\S3.14.19,\N,\S3.14.19
\SCLAIM_IPOPT_GPU_DISTRIBUTED_SUPPORT,\SI_IPOPT,\Sgpu_distributed_support,"\S""no""",\Sverified,\S2026-07-13,\N,\N,\SS017,\S2026-07-13,\S2026-07-13,\Shigh,\Sverified,\N,\N,\N
\SCLAIM_IPOPT_IMPORTANT_OPTION_DEFAULTS,\SI_IPOPT,\Simportant_option_defaults,"\S""tolerances;limits;scaling;verbosity;method_specific_options""",\Sverified,\S2026-07-13,\N,\N,\SS017,\S2026-07-13,\S2026-07-13,\Shigh,\Sverified,\N,\N,\N
\SCLAIM_IPOPT_LICENSE_SPDX,\SI_IPOPT,\Slicense_spdx,"\S""EPL-2.0""",\Sverified,\S2026-07-13,\N,\N,\SS017,\S2026-07-13,\S2026-07-13,\Shigh,\Sverified,\N,\N,\N
\SCLAIM_IPOPT_MAINTENANCE_STATUS,\SI_IPOPT,\Smaintenance_status,"\S""active_docs_verified""",\Sverified,\S2026-07-13,\N,\N,\SS017,\S2026-07-13,\S2026-07-13,\Shigh,\Sverified,\N,\N,\N
\SCLAIM_IPOPT_PLATFORM_ARCHITECTURE,\SI_IPOPT,\Splatform_architecture,"\S""cross_platform""",\Sverified,\S2026-07-13,\N,\N,\SS017,\S2026-07-13,\S2026-07-13,\Shigh,\Sverified,\N,\N,\N
\SCLAIM_IPOPT_SUPPORTED_PROBLEM_CLASSES,\SI_IPOPT,\Ssupported_problem_classes,"\S""M_INTERIOR_POINT_NLP""",\Sverified,\S2026-07-13,\N,\N,\SS017,\S2026-07-13,\S2026-07-13,\Shigh,\Sverified,\N,\N,\N
\SCLAIM_JAXOPT_CURRENT_RELEASE,\SI_JAXOPT,\Scurrent_release,"\S""0.8.5""",\Sverified,\S2026-07-13,\N,\N,\SS046,\S2026-07-13,\S2026-07-13,\Shigh,\Sverified,\S0.8.5,\N,\S0.8.5
\SCLAIM_JAXOPT_GPU_DISTRIBUTED_SUPPORT,\SI_JAXOPT,\Sgpu_distributed_support,"\S""yes_JAX""",\Sverified,\S2026-07-13,\N,\N,\SS046,\S2026-07-13,\S2026-07-13,\Shigh,\Sverified,\N,\N,\N
\SCLAIM_JAXOPT_IMPORTANT_OPTION_DEFAULTS,\SI_JAXOPT,\Simportant_option_defaults,"\S""tolerances;limits;scaling;verbosity;method_specific_options""",\Sverified,\S2026-07-13,\N,\N,\SS046,\S2026-07-13,\S2026-07-13,\Shigh,\Sverified,\N,\N,\N
\SCLAIM_JAXOPT_LICENSE_SPDX,\SI_JAXOPT,\Slicense_spdx,"\S""Apache-2.0""",\Sverified,\S2026-07-13,\N,\N,\SS046,\S2026-07-13,\S2026-07-13,\Shigh,\Sverified,\N,\N,\N
\SCLAIM_JAXOPT_MAINTENANCE_STATUS,\SI_JAXOPT,\Smaintenance_status,"\S""legacy""",\Sverified,\S2026-07-13,\N,\N,\SS046,\S2026-07-13,\S2026-07-13,\Shigh,\Sverified,\N,\N,\N
\SCLAIM_JAXOPT_PLATFORM_ARCHITECTURE,\SI_JAXOPT,\Splatform_architecture,"\S""cross_platform""",\Sverified,\S2026-07-13,\N,\N,\SS046,\S2026-07-13,\S2026-07-13,\Shigh,\Sverified,\N,\N,\N
\SCLAIM_JAXOPT_SUPPORTED_PROBLEM_CLASSES,\SI_JAXOPT,\Ssupported_problem_classes,"\S""M_LBFGS;M_PROJECTED_GRADIENT;M_GAUSS_NEWTON;M_PROX_GRADIENT""",\Sverified,\S2026-07-13,\N,\N,\SS046,\S2026-07-13,\S2026-07-13,\Shigh,\Sverified,\N,\N,\N
\SCLAIM_JUMP_CURRENT_RELEASE,\SI_JUMP,\Scurrent_release,"\S{""status"":""unknown""}",\Sexplicit_unknown,\S2026-07-13,\N,\N,\SS051,\S2026-07-13,\S2026-07-13,\Shigh,\Ssource_pending,\N,\N,\N
\SCLAIM_JUMP_GPU_DISTRIBUTED_SUPPORT,\SI_JUMP,\Sgpu_distributed_support,"\S""backend_dependent""",\Sverified,\S2026-07-13,\N,\N,\SS051,\S2026-07-13,\S2026-07-13,\Shigh,\Sverified,\N,\N,\N
\SCLAIM_JUMP_IMPORTANT_OPTION_DEFAULTS,\SI_JUMP,\Simportant_option_defaults,"\S""tolerances;limits;scaling;verbosity;method_specific_options""",\Sverified,\S2026-07-13,\N,\N,\SS051,\S2026-07-13,\S2026-07-13,\Shigh,\Sverified,\N,\N,\N
\SCLAIM_JUMP_LICENSE_SPDX,\SI_JUMP,\Slicense_spdx,"\S""MIT""",\Sverified,\S2026-07-13,\N,\N,\SS051,\S2026-07-13,\S2026-07-13,\Shigh,\Sverified,\N,\N,\N
\SCLAIM_JUMP_MAINTENANCE_STATUS,\SI_JUMP,\Smaintenance_status,"\S""active_docs_verified""",\Sverified,\S2026-07-13,\N,\N,\SS051,\S2026-07-13,\S2026-07-13,\Shigh,\Sverified,\N,\N,\N
\SCLAIM_JUMP_PLATFORM_ARCHITECTURE,\SI_JUMP,\Splatform_architecture,"\S""cross_platform""",\Sverified,\S2026-07-13,\N,\N,\SS051,\S2026-07-13,\S2026-07-13,\Shigh,\Sverified,\N,\N,\N
\SCLAIM_JUMP_SUPPORTED_PROBLEM_CLASSES,\SI_JUMP,\Ssupported_problem_classes,"\S""M_SIMPLEX;M_PRIMAL_DUAL_CONIC;M_BRANCH_CUT;M_INTERIOR_POINT_NLP""",\Sverified,\S2026-07-13,\N,\N,\SS051,\S2026-07-13,\S2026-07-13,\Shigh,\Sverified,\N,\N,\N
\SCLAIM_KNITRO_CURRENT_RELEASE,\SI_KNITRO,\Scurrent_release,"\S{""status"":""unknown""}",\Sexplicit_unknown,\S2026-07-13,\N,\N,\SS029,\S2026-07-13,\S2026-07-13,\Shigh,\Ssource_pending,\N,\N,\N
\SCLAIM_KNITRO_GPU_DISTRIBUTED_SUPPORT,\SI_KNITRO,\Sgpu_distributed_support,"\S""no""",\Sverified,\S2026-07-13,\N,\N,\SS029,\S2026-07-13,\S2026-07-13,\Shigh,\Sverified,\N,\N,\N
\SCLAIM_KNITRO_IMPORTANT_OPTION_DEFAULTS,\SI_KNITRO,\Simportant_option_defaults,"\S""tolerances;limits;scaling;verbosity;method_specific_options""",\Sverified,\S2026-07-13,\N,\N,\SS029,\S2026-07-13,\S2026-07-13,\Shigh,\Sverified,\N,\N,\N
\SCLAIM_KNITRO_LICENSE_SPDX,\SI_KNITRO,\Slicense_spdx,"\S""Proprietary""",\Sverified,\S2026-07-13,\N,\N,\SS029,\S2026-07-13,\S2026-07-13,\Shigh,\Sverified,\N,\N,\N
\SCLAIM_KNITRO_MAINTENANCE_STATUS,\SI_KNITRO,\Smaintenance_status,"\S""active_docs_verified""",\Sverified,\S2026-07-13,\N,\N,\SS029,\S2026-07-13,\S2026-07-13,\Shigh,\Sverified,\N,\N,\N
\SCLAIM_KNITRO_PLATFORM_ARCHITECTURE,\SI_KNITRO,\Splatform_architecture,"\S""cross_platform""",\Sverified,\S2026-07-13,\N,\N,\SS029,\S2026-07-13,\S2026-07-13,\Shigh,\Sverified,\N,\N,\N
\SCLAIM_KNITRO_SUPPORTED_PROBLEM_CLASSES,\SI_KNITRO,\Ssupported_problem_classes,"\S""M_INTERIOR_POINT_NLP;M_SQP;M_ACTIVE_SET;M_BRANCH_BOUND""",\Sverified,\S2026-07-13,\N,\N,\SS029,\S2026-07-13,\S2026-07-13,\Shigh,\Sverified,\N,\N,\N
\SCLAIM_MANOPT_JL_CURRENT_RELEASE,\SI_MANOPT_JL,\Scurrent_release,"\S""0.6.1""",\Sverified,\S2026-07-13,\N,\N,\SS095,\S2026-07-13,\S2026-07-13,\Shigh,\Sverified,\S0.6.1,\N,\S0.6.1
\SCLAIM_MANOPT_JL_GPU_DISTRIBUTED_SUPPORT,\SI_MANOPT_JL,\Sgpu_distributed_support,"\S""backend_dependent""",\Sverified,\S2026-07-13,\N,\N,\SS095,\S2026-07-13,\S2026-07-13,\Shigh,\Sverified,\N,\N,\N
\SCLAIM_MANOPT_JL_IMPORTANT_OPTION_DEFAULTS,\SI_MANOPT_JL,\Simportant_option_defaults,"\S""retraction;vector_transport;stopping_criterion;stepsize;debug;record""",\Sverified,\S2026-07-13,\N,\N,\SS095,\S2026-07-13,\S2026-07-13,\Shigh,\Sverified,\N,\N,\N
\SCLAIM_MANOPT_JL_LICENSE_SPDX,\SI_MANOPT_JL,\Slicense_spdx,"\S""MIT""",\Sverified,\S2026-07-13,\N,\N,\SS095,\S2026-07-13,\S2026-07-13,\Shigh,\Sverified,\N,\N,\N
\SCLAIM_MANOPT_JL_MAINTENANCE_STATUS,\SI_MANOPT_JL,\Smaintenance_status,"\S""active_docs_verified""",\Sverified,\S2026-07-13,\N,\N,\SS095,\S2026-07-13,\S2026-07-13,\Shigh,\Sverified,\N,\N,\N
\SCLAIM_MANOPT_JL_PLATFORM_ARCHITECTURE,\SI_MANOPT_JL,\Splatform_architecture,"\S""cross_platform""",\Sverified,\S2026-07-13,\N,\N,\SS095,\S2026-07-13,\S2026-07-13,\Shigh,\Sverified,\N,\N,\N
\SCLAIM_MANOPT_JL_SUPPORTED_PROBLEM_CLASSES,\SI_MANOPT_JL,\Ssupported_problem_classes,"\S""M_RIEMANNIAN_GRADIENT;M_RIEMANNIAN_TRUST_REGION""",\Sverified,\S2026-07-13,\N,\N,\SS095,\S2026-07-13,\S2026-07-13,\Shigh,\Sverified,\N,\N,\N
\SCLAIM_MANOPT_MATLAB_CURRENT_RELEASE,\SI_MANOPT_MATLAB,\Scurrent_release,"\S""8.0""",\Sverified,\S2026-07-13,\N,\N,\SS045,\S2026-07-13,\S2026-07-13,\Shigh,\Sverified,\S8.0,\N,\S8.0
\SCLAIM_MANOPT_MATLAB_GPU_DISTRIBUTED_SUPPORT,\SI_MANOPT_MATLAB,\Sgpu_distributed_support,"\S""MATLAB/backend""",\Sverified,\S2026-07-13,\N,\N,\SS045,\S2026-07-13,\S2026-07-13,\Shigh,\Sverified,\N,\N,\N
\SCLAIM_MANOPT_MATLAB_IMPORTANT_OPTION_DEFAULTS,\SI_MANOPT_MATLAB,\Simportant_option_defaults,"\S""tolerances;limits;scaling;verbosity;method_specific_options""",\Sverified,\S2026-07-13,\N,\N,\SS045,\S2026-07-13,\S2026-07-13,\Shigh,\Sverified,\N,\N,\N
\SCLAIM_MANOPT_MATLAB_LICENSE_SPDX,\SI_MANOPT_MATLAB,\Slicense_spdx,"\S""GPL-3.0-or-later""",\Sverified,\S2026-07-13,\N,\N,\SS045,\S2026-07-13,\S2026-07-13,\Shigh,\Sverified,\N,\N,\N
\SCLAIM_MANOPT_MATLAB_MAINTENANCE_STATUS,\SI_MANOPT_MATLAB,\Smaintenance_status,"\S""active_docs_verified""",\Sverified,\S2026-07-13,\N,\N,\SS045,\S2026-07-13,\S2026-07-13,\Shigh,\Sverified,\N,\N,\N
\SCLAIM_MANOPT_MATLAB_PLATFORM_ARCHITECTURE,\SI_MANOPT_MATLAB,\Splatform_architecture,"\S""cross_platform""",\Sverified,\S2026-07-13,\N,\N,\SS045,\S2026-07-13,\S2026-07-13,\Shigh,\Sverified,\N,\N,\N
\SCLAIM_MANOPT_MATLAB_SUPPORTED_PROBLEM_CLASSES,\SI_MANOPT_MATLAB,\Ssupported_problem_classes,"\S""M_RIEMANNIAN_GRADIENT;M_RIEMANNIAN_TRUST_REGION""",\Sverified,\S2026-07-13,\N,\N,\SS045,\S2026-07-13,\S2026-07-13,\Shigh,\Sverified,\N,\N,\N
\SCLAIM_MINIZINC_CURRENT_RELEASE,\SI_MINIZINC,\Scurrent_release,"\S{""status"":""unknown""}",\Sexplicit_unknown,\S2026-07-13,\N,\N,\SS053,\S2026-07-13,\S2026-07-13,\Shigh,\Ssource_pending,\N,\N,\N
\SCLAIM_MINIZINC_GPU_DISTRIBUTED_SUPPORT,\SI_MINIZINC,\Sgpu_distributed_support,"\S""no""",\Sverified,\S2026-07-13,\N,\N,\SS053,\S2026-07-13,\S2026-07-13,\Shigh,\Sverified,\N,\N,\N
\SCLAIM_MINIZINC_IMPORTANT_OPTION_DEFAULTS,\SI_MINIZINC,\Simportant_option_defaults,"\S""tolerances;limits;scaling;verbosity;method_specific_options""",\Sverified,\S2026-07-13,\N,\N,\SS053,\S2026-07-13,\S2026-07-13,\Shigh,\Sverified,\N,\N,\N
\SCLAIM_MINIZINC_LICENSE_SPDX,\SI_MINIZINC,\Slicense_spdx,"\S""MPL-2.0""",\Sverified,\S2026-07-13,\N,\N,\SS053,\S2026-07-13,\S2026-07-13,\Shigh,\Sverified,\N,\N,\N
\SCLAIM_MINIZINC_MAINTENANCE_STATUS,\SI_MINIZINC,\Smaintenance_status,"\S""active_docs_verified""",\Sverified,\S2026-07-13,\N,\N,\SS053,\S2026-07-13,\S2026-07-13,\Shigh,\Sverified,\N,\N,\N
\SCLAIM_MINIZINC_PLATFORM_ARCHITECTURE,\SI_MINIZINC,\Splatform_architecture,"\S""cross_platform""",\Sverified,\S2026-07-13,\N,\N,\SS053,\S2026-07-13,\S2026-07-13,\Shigh,\Sverified,\N,\N,\N
\SCLAIM_MINIZINC_SUPPORTED_PROBLEM_CLASSES,\SI_MINIZINC,\Ssupported_problem_classes,"\S""M_CP_SEARCH;M_CP_SAT;M_BRANCH_CUT;M_CDCL_SAT""",\Sverified,\S2026-07-13,\N,\N,\SS053,\S2026-07-13,\S2026-07-13,\Shigh,\Sverified,\N,\N,\N
\SCLAIM_MOSEK_CURRENT_RELEASE,\SI_MOSEK,\Scurrent_release,"\S""11.2.2 (official docs observed)""",\Sverified,\S2026-07-13,\N,\N,\SS028,\S2026-07-13,\S2026-07-13,\Shigh,\Sverified,\S11.2.2 (official docs observed),\N,\S11.2.2 (official docs observed)
\SCLAIM_MOSEK_GPU_DISTRIBUTED_SUPPORT,\SI_MOSEK,\Sgpu_distributed_support,"\S""no""",\Sverified,\S2026-07-13,\N,\N,\SS028,\S2026-07-13,\S2026-07-13,\Shigh,\Sverified,\N,\N,\N
\SCLAIM_MOSEK_IMPORTANT_OPTION_DEFAULTS,\SI_MOSEK,\Simportant_option_defaults,"\S""tolerances;limits;scaling;verbosity;method_specific_options""",\Sverified,\S2026-07-13,\N,\N,\SS028,\S2026-07-13,\S2026-07-13,\Shigh,\Sverified,\N,\N,\N
\SCLAIM_MOSEK_LICENSE_SPDX,\SI_MOSEK,\Slicense_spdx,"\S""Proprietary""",\Sverified,\S2026-07-13,\N,\N,\SS028,\S2026-07-13,\S2026-07-13,\Shigh,\Sverified,\N,\N,\N
\SCLAIM_MOSEK_MAINTENANCE_STATUS,\SI_MOSEK,\Smaintenance_status,"\S""active_docs_verified""",\Sverified,\S2026-07-13,\N,\N,\SS028,\S2026-07-13,\S2026-07-13,\Shigh,\Sverified,\N,\N,\N
\SCLAIM_MOSEK_PLATFORM_ARCHITECTURE,\SI_MOSEK,\Splatform_architecture,"\S""cross_platform""",\Sverified,\S2026-07-13,\N,\N,\SS028,\S2026-07-13,\S2026-07-13,\Shigh,\Sverified,\N,\N,\N
\SCLAIM_MOSEK_SUPPORTED_PROBLEM_CLASSES,\SI_MOSEK,\Ssupported_problem_classes,"\S""M_PRIMAL_DUAL_CONIC;M_BARRIER_LP_QP;M_BRANCH_CUT""",\Sverified,\S2026-07-13,\N,\N,\SS028,\S2026-07-13,\S2026-07-13,\Shigh,\Sverified,\N,\N,\N
\SCLAIM_NEVERGRAD_CURRENT_RELEASE,\SI_NEVERGRAD,\Scurrent_release,"\S""1.0.12""",\Sverified,\S2026-07-13,\N,\N,\SS033,\S2026-07-13,\S2026-07-13,\Shigh,\Sverified,\S1.0.12,\N,\S1.0.12
\SCLAIM_NEVERGRAD_GPU_DISTRIBUTED_SUPPORT,\SI_NEVERGRAD,\Sgpu_distributed_support,"\S""no""",\Sverified,\S2026-07-13,\N,\N,\SS033,\S2026-07-13,\S2026-07-13,\Shigh,\Sverified,\N,\N,\N
\SCLAIM_NEVERGRAD_IMPORTANT_OPTION_DEFAULTS,\SI_NEVERGRAD,\Simportant_option_defaults,"\S""tolerances;limits;scaling;verbosity;method_specific_options""",\Sverified,\S2026-07-13,\N,\N,\SS033,\S2026-07-13,\S2026-07-13,\Shigh,\Sverified,\N,\N,\N
\SCLAIM_NEVERGRAD_LICENSE_SPDX,\SI_NEVERGRAD,\Slicense_spdx,"\S""MIT""",\Sverified,\S2026-07-13,\N,\N,\SS033,\S2026-07-13,\S2026-07-13,\Shigh,\Sverified,\N,\N,\N
\SCLAIM_NEVERGRAD_MAINTENANCE_STATUS,\SI_NEVERGRAD,\Smaintenance_status,"\S""active_docs_verified""",\Sverified,\S2026-07-13,\N,\N,\SS033,\S2026-07-13,\S2026-07-13,\Shigh,\Sverified,\N,\N,\N
\SCLAIM_NEVERGRAD_PLATFORM_ARCHITECTURE,\SI_NEVERGRAD,\Splatform_architecture,"\S""cross_platform""",\Sverified,\S2026-07-13,\N,\N,\SS033,\S2026-07-13,\S2026-07-13,\Shigh,\Sverified,\N,\N,\N
\SCLAIM_NEVERGRAD_SUPPORTED_PROBLEM_CLASSES,\SI_NEVERGRAD,\Ssupported_problem_classes,"\S""M_CMA_ES;M_DIFFERENTIAL_EVOLUTION;M_PARTICLE_SWARM;M_RANDOM_SEARCH""",\Sverified,\S2026-07-13,\N,\N,\SS033,\S2026-07-13,\S2026-07-13,\Shigh,\Sverified,\N,\N,\N
\SCLAIM_NLOPT_CURRENT_RELEASE,\SI_NLOPT,\Scurrent_release,"\S{""status"":""unknown""}",\Sexplicit_unknown,\S2026-07-13,\N,\N,\SS018,\S2026-07-13,\S2026-07-13,\Shigh,\Ssource_pending,\N,\N,\N
\SCLAIM_NLOPT_GPU_DISTRIBUTED_SUPPORT,\SI_NLOPT,\Sgpu_distributed_support,"\S""no""",\Sverified,\S2026-07-13,\N,\N,\SS018,\S2026-07-13,\S2026-07-13,\Shigh,\Sverified,\N,\N,\N
\SCLAIM_NLOPT_IMPORTANT_OPTION_DEFAULTS,\SI_NLOPT,\Simportant_option_defaults,"\S""tolerances;limits;scaling;verbosity;method_specific_options""",\Sverified,\S2026-07-13,\N,\N,\SS018,\S2026-07-13,\S2026-07-13,\Shigh,\Sverified,\N,\N,\N
\SCLAIM_NLOPT_LICENSE_SPDX,\SI_NLOPT,\Slicense_spdx,"\S""LGPL-2.1+""",\Sverified,\S2026-07-13,\N,\N,\SS018,\S2026-07-13,\S2026-07-13,\Shigh,\Sverified,\N,\N,\N
\SCLAIM_NLOPT_MAINTENANCE_STATUS,\SI_NLOPT,\Smaintenance_status,"\S""active_docs_verified""",\Sverified,\S2026-07-13,\N,\N,\SS018,\S2026-07-13,\S2026-07-13,\Shigh,\Sverified,\N,\N,\N
\SCLAIM_NLOPT_PLATFORM_ARCHITECTURE,\SI_NLOPT,\Splatform_architecture,"\S""cross_platform""",\Sverified,\S2026-07-13,\N,\N,\SS018,\S2026-07-13,\S2026-07-13,\Shigh,\Sverified,\N,\N,\N
\SCLAIM_NLOPT_SUPPORTED_PROBLEM_CLASSES,\SI_NLOPT,\Ssupported_problem_classes,"\S""M_NELDER_MEAD;M_COBYLA;M_AUGMENTED_LAGRANGIAN;M_DIRECT;M_LBFGS""",\Sverified,\S2026-07-13,\N,\N,\SS018,\S2026-07-13,\S2026-07-13,\Shigh,\Sverified,\N,\N,\N
\SCLAIM_NOMAD_CURRENT_RELEASE,\SI_NOMAD,\Scurrent_release,"\S""4.5.1""",\Sverified,\S2026-07-13,\N,\N,\SS031,\S2026-07-13,\S2026-07-13,\Shigh,\Sverified,\S4.5.1,\N,\S4.5.1
\SCLAIM_NOMAD_GPU_DISTRIBUTED_SUPPORT,\SI_NOMAD,\Sgpu_distributed_support,"\S""no""",\Sverified,\S2026-07-13,\N,\N,\SS031,\S2026-07-13,\S2026-07-13,\Shigh,\Sverified,\N,\N,\N
\SCLAIM_NOMAD_IMPORTANT_OPTION_DEFAULTS,\SI_NOMAD,\Simportant_option_defaults,"\S""tolerances;limits;scaling;verbosity;method_specific_options""",\Sverified,\S2026-07-13,\N,\N,\SS031,\S2026-07-13,\S2026-07-13,\Shigh,\Sverified,\N,\N,\N
\SCLAIM_NOMAD_LICENSE_SPDX,\SI_NOMAD,\Slicense_spdx,"\S""LGPL-3.0-or-later""",\Sverified,\S2026-07-13,\N,\N,\SS031,\S2026-07-13,\S2026-07-13,\Shigh,\Sverified,\N,\N,\N
\SCLAIM_NOMAD_MAINTENANCE_STATUS,\SI_NOMAD,\Smaintenance_status,"\S""active_docs_verified""",\Sverified,\S2026-07-13,\N,\N,\SS031,\S2026-07-13,\S2026-07-13,\Shigh,\Sverified,\N,\N,\N
\SCLAIM_NOMAD_PLATFORM_ARCHITECTURE,\SI_NOMAD,\Splatform_architecture,"\S""cross_platform""",\Sverified,\S2026-07-13,\N,\N,\SS031,\S2026-07-13,\S2026-07-13,\Shigh,\Sverified,\N,\N,\N
\SCLAIM_NOMAD_SUPPORTED_PROBLEM_CLASSES,\SI_NOMAD,\Ssupported_problem_classes,"\S""M_MADS""",\Sverified,\S2026-07-13,\N,\N,\SS031,\S2026-07-13,\S2026-07-13,\Shigh,\Sverified,\N,\N,\N
\SCLAIM_OPTAX_CURRENT_RELEASE,\SI_OPTAX,\Scurrent_release,"\S{""status"":""unknown""}",\Sexplicit_unknown,\S2026-07-13,\N,\N,\SS047,\S2026-07-13,\S2026-07-13,\Shigh,\Ssource_pending,\N,\N,\N
\SCLAIM_OPTAX_GPU_DISTRIBUTED_SUPPORT,\SI_OPTAX,\Sgpu_distributed_support,"\S""yes_JAX""",\Sverified,\S2026-07-13,\N,\N,\SS047,\S2026-07-13,\S2026-07-13,\Shigh,\Sverified,\N,\N,\N
\SCLAIM_OPTAX_IMPORTANT_OPTION_DEFAULTS,\SI_OPTAX,\Simportant_option_defaults,"\S""tolerances;limits;scaling;verbosity;method_specific_options""",\Sverified,\S2026-07-13,\N,\N,\SS047,\S2026-07-13,\S2026-07-13,\Shigh,\Sverified,\N,\N,\N
\SCLAIM_OPTAX_LICENSE_SPDX,\SI_OPTAX,\Slicense_spdx,"\S""Apache-2.0""",\Sverified,\S2026-07-13,\N,\N,\SS047,\S2026-07-13,\S2026-07-13,\Shigh,\Sverified,\N,\N,\N
\SCLAIM_OPTAX_MAINTENANCE_STATUS,\SI_OPTAX,\Smaintenance_status,"\S""active_docs_verified""",\Sverified,\S2026-07-13,\N,\N,\SS047,\S2026-07-13,\S2026-07-13,\Shigh,\Sverified,\N,\N,\N
\SCLAIM_OPTAX_PLATFORM_ARCHITECTURE,\SI_OPTAX,\Splatform_architecture,"\S""cross_platform""",\Sverified,\S2026-07-13,\N,\N,\SS047,\S2026-07-13,\S2026-07-13,\Shigh,\Sverified,\N,\N,\N
\SCLAIM_OPTAX_SUPPORTED_PROBLEM_CLASSES,\SI_OPTAX,\Ssupported_problem_classes,"\S""M_SGD;M_MOMENTUM_SGD;M_ADAM;M_ADAMW""",\Sverified,\S2026-07-13,\N,\N,\SS047,\S2026-07-13,\S2026-07-13,\Shigh,\Sverified,\N,\N,\N
\SCLAIM_OPTIMJL_CURRENT_RELEASE,\SI_OPTIMJL,\Scurrent_release,"\S{""status"":""unknown""}",\Sexplicit_unknown,\S2026-07-13,\N,\N,\SS052,\S2026-07-13,\S2026-07-13,\Shigh,\Ssource_pending,\N,\N,\N
\SCLAIM_OPTIMJL_GPU_DISTRIBUTED_SUPPORT,\SI_OPTIMJL,\Sgpu_distributed_support,"\S""array_backend_dependent""",\Sverified,\S2026-07-13,\N,\N,\SS052,\S2026-07-13,\S2026-07-13,\Shigh,\Sverified,\N,\N,\N
\SCLAIM_OPTIMJL_IMPORTANT_OPTION_DEFAULTS,\SI_OPTIMJL,\Simportant_option_defaults,"\S""tolerances;limits;scaling;verbosity;method_specific_options""",\Sverified,\S2026-07-13,\N,\N,\SS052,\S2026-07-13,\S2026-07-13,\Shigh,\Sverified,\N,\N,\N
\SCLAIM_OPTIMJL_LICENSE_SPDX,\SI_OPTIMJL,\Slicense_spdx,"\S""MIT""",\Sverified,\S2026-07-13,\N,\N,\SS052,\S2026-07-13,\S2026-07-13,\Shigh,\Sverified,\N,\N,\N
\SCLAIM_OPTIMJL_MAINTENANCE_STATUS,\SI_OPTIMJL,\Smaintenance_status,"\S""active_docs_verified""",\Sverified,\S2026-07-13,\N,\N,\SS052,\S2026-07-13,\S2026-07-13,\Shigh,\Sverified,\N,\N,\N
\SCLAIM_OPTIMJL_PLATFORM_ARCHITECTURE,\SI_OPTIMJL,\Splatform_architecture,"\S""cross_platform""",\Sverified,\S2026-07-13,\N,\N,\SS052,\S2026-07-13,\S2026-07-13,\Shigh,\Sverified,\N,\N,\N
\SCLAIM_OPTIMJL_SUPPORTED_PROBLEM_CLASSES,\SI_OPTIMJL,\Ssupported_problem_classes,"\S""M_BFGS;M_LBFGS;M_NELDER_MEAD;M_NEWTON;M_TRUST_NCG""",\Sverified,\S2026-07-13,\N,\N,\SS052,\S2026-07-13,\S2026-07-13,\Shigh,\Sverified,\N,\N,\N
\SCLAIM_OPTUNA_CURRENT_RELEASE,\SI_OPTUNA,\Scurrent_release,"\S""4.9.0 (official docs observed)""",\Sverified,\S2026-07-13,\N,\N,\SS034,\S2026-07-13,\S2026-07-13,\Shigh,\Sverified,\S4.9.0 (official docs observed),\N,\S4.9.0 (official docs observed)
\SCLAIM_OPTUNA_GPU_DISTRIBUTED_SUPPORT,\SI_OPTUNA,\Sgpu_distributed_support,"\S""workload_dependent""",\Sverified,\S2026-07-13,\N,\N,\SS034,\S2026-07-13,\S2026-07-13,\Shigh,\Sverified,\N,\N,\N
\SCLAIM_OPTUNA_IMPORTANT_OPTION_DEFAULTS,\SI_OPTUNA,\Simportant_option_defaults,"\S""tolerances;limits;scaling;verbosity;method_specific_options""",\Sverified,\S2026-07-13,\N,\N,\SS034,\S2026-07-13,\S2026-07-13,\Shigh,\Sverified,\N,\N,\N
\SCLAIM_OPTUNA_LICENSE_SPDX,\SI_OPTUNA,\Slicense_spdx,"\S""MIT""",\Sverified,\S2026-07-13,\N,\N,\SS034,\S2026-07-13,\S2026-07-13,\Shigh,\Sverified,\N,\N,\N
\SCLAIM_OPTUNA_MAINTENANCE_STATUS,\SI_OPTUNA,\Smaintenance_status,"\S""active_docs_verified""",\Sverified,\S2026-07-13,\N,\N,\SS034,\S2026-07-13,\S2026-07-13,\Shigh,\Sverified,\N,\N,\N
\SCLAIM_OPTUNA_PLATFORM_ARCHITECTURE,\SI_OPTUNA,\Splatform_architecture,"\S""cross_platform""",\Sverified,\S2026-07-13,\N,\N,\SS034,\S2026-07-13,\S2026-07-13,\Shigh,\Sverified,\N,\N,\N
\SCLAIM_OPTUNA_SUPPORTED_PROBLEM_CLASSES,\SI_OPTUNA,\Ssupported_problem_classes,"\S""M_TPE;M_RANDOM_SEARCH;M_HYPERBAND_ASHA;M_BAYESIAN_OPT_GP""",\Sverified,\S2026-07-13,\N,\N,\SS034,\S2026-07-13,\S2026-07-13,\Shigh,\Sverified,\N,\N,\N
\SCLAIM_ORTOOLS_CPSAT_CURRENT_RELEASE,\SI_ORTOOLS_CPSAT,\Scurrent_release,"\S""9.15 (2026-01-12)""",\Sverified,\S2026-07-17,\N,\N,\SS022,\S2026-07-17,\S2026-07-17,\Shigh,\Sverified,\S9.15 (2026-01-12),\N,\S9.15 (2026-01-12)
\SCLAIM_ORTOOLS_CPSAT_GPU_DISTRIBUTED_SUPPORT,\SI_ORTOOLS_CPSAT,\Sgpu_distributed_support,"\S""no""",\Sverified,\S2026-07-17,\N,\N,\SS022,\S2026-07-17,\S2026-07-17,\Shigh,\Sverified,\N,\N,\N
\SCLAIM_ORTOOLS_CPSAT_IMPORTANT_OPTION_DEFAULTS,\SI_ORTOOLS_CPSAT,\Simportant_option_defaults,"\S""tolerances;limits;scaling;verbosity;method_specific_options""",\Sverified,\S2026-07-17,\N,\N,\SS022,\S2026-07-17,\S2026-07-17,\Shigh,\Sverified,\N,\N,\N
\SCLAIM_ORTOOLS_CPSAT_LICENSE_SPDX,\SI_ORTOOLS_CPSAT,\Slicense_spdx,"\S""Apache-2.0""",\Sverified,\S2026-07-17,\N,\N,\SS022,\S2026-07-17,\S2026-07-17,\Shigh,\Sverified,\N,\N,\N
\SCLAIM_ORTOOLS_CPSAT_MAINTENANCE_STATUS,\SI_ORTOOLS_CPSAT,\Smaintenance_status,"\S""active_docs_verified""",\Sverified,\S2026-07-17,\N,\N,\SS022,\S2026-07-17,\S2026-07-17,\Shigh,\Sverified,\N,\N,\N
\SCLAIM_ORTOOLS_CPSAT_PLATFORM_ARCHITECTURE,\SI_ORTOOLS_CPSAT,\Splatform_architecture,"\S""cross_platform""",\Sverified,\S2026-07-17,\N,\N,\SS022,\S2026-07-17,\S2026-07-17,\Shigh,\Sverified,\N,\N,\N
\SCLAIM_ORTOOLS_CPSAT_SUPPORTED_PROBLEM_CLASSES,\SI_ORTOOLS_CPSAT,\Ssupported_problem_classes,"\S""M_CP_SAT;M_CDCL_SAT""",\Sverified,\S2026-07-17,\N,\N,\SS022,\S2026-07-17,\S2026-07-17,\Shigh,\Sverified,\N,\N,\N
\SCLAIM_ORTOOLS_GLOP_CURRENT_RELEASE,\SI_ORTOOLS_GLOP,\Scurrent_release,"\S""9.15 (2026-01-12)""",\Sverified,\S2026-07-17,\N,\N,\SS078,\S2026-07-17,\S2026-07-17,\Shigh,\Sverified,\S9.15 (2026-01-12),\N,\S9.15 (2026-01-12)
\SCLAIM_ORTOOLS_GLOP_GPU_DISTRIBUTED_SUPPORT,\SI_ORTOOLS_GLOP,\Sgpu_distributed_support,"\S""no""",\Sverified,\S2026-07-17,\N,\N,\SS078,\S2026-07-17,\S2026-07-17,\Shigh,\Sverified,\N,\N,\N
\SCLAIM_ORTOOLS_GLOP_IMPORTANT_OPTION_DEFAULTS,\SI_ORTOOLS_GLOP,\Simportant_option_defaults,"\S""tolerances;limits;scaling;verbosity;method_specific_options""",\Sverified,\S2026-07-17,\N,\N,\SS078,\S2026-07-17,\S2026-07-17,\Shigh,\Sverified,\N,\N,\N
\SCLAIM_ORTOOLS_GLOP_LICENSE_SPDX,\SI_ORTOOLS_GLOP,\Slicense_spdx,"\S""Apache-2.0""",\Sverified,\S2026-07-17,\N,\N,\SS078,\S2026-07-17,\S2026-07-17,\Shigh,\Sverified,\N,\N,\N
\SCLAIM_ORTOOLS_GLOP_MAINTENANCE_STATUS,\SI_ORTOOLS_GLOP,\Smaintenance_status,"\S""active_docs_verified""",\Sverified,\S2026-07-17,\N,\N,\SS078,\S2026-07-17,\S2026-07-17,\Shigh,\Sverified,\N,\N,\N
\SCLAIM_ORTOOLS_GLOP_PLATFORM_ARCHITECTURE,\SI_ORTOOLS_GLOP,\Splatform_architecture,"\S""cross_platform""",\Sverified,\S2026-07-17,\N,\N,\SS078,\S2026-07-17,\S2026-07-17,\Shigh,\Sverified,\N,\N,\N
\SCLAIM_ORTOOLS_GLOP_SUPPORTED_PROBLEM_CLASSES,\SI_ORTOOLS_GLOP,\Ssupported_problem_classes,"\S""M_SIMPLEX;M_DUAL_SIMPLEX""",\Sverified,\S2026-07-17,\N,\N,\SS078,\S2026-07-17,\S2026-07-17,\Shigh,\Sverified,\N,\N,\N
\SCLAIM_ORTOOLS_PDLP_CURRENT_RELEASE,\SI_ORTOOLS_PDLP,\Scurrent_release,"\S""9.15 (2026-01-12)""",\Sverified,\S2026-07-17,\N,\N,\SS078,\S2026-07-17,\S2026-07-17,\Shigh,\Sverified,\S9.15 (2026-01-12),\N,\S9.15 (2026-01-12)
\SCLAIM_ORTOOLS_PDLP_GPU_DISTRIBUTED_SUPPORT,\SI_ORTOOLS_PDLP,\Sgpu_distributed_support,"\S""no""",\Sverified,\S2026-07-17,\N,\N,\SS078,\S2026-07-17,\S2026-07-17,\Shigh,\Sverified,\N,\N,\N
\SCLAIM_ORTOOLS_PDLP_IMPORTANT_OPTION_DEFAULTS,\SI_ORTOOLS_PDLP,\Simportant_option_defaults,"\S""tolerances;limits;scaling;verbosity;method_specific_options""",\Sverified,\S2026-07-17,\N,\N,\SS078,\S2026-07-17,\S2026-07-17,\Shigh,\Sverified,\N,\N,\N
\SCLAIM_ORTOOLS_PDLP_LICENSE_SPDX,\SI_ORTOOLS_PDLP,\Slicense_spdx,"\S""Apache-2.0""",\Sverified,\S2026-07-17,\N,\N,\SS078,\S2026-07-17,\S2026-07-17,\Shigh,\Sverified,\N,\N,\N
\SCLAIM_ORTOOLS_PDLP_MAINTENANCE_STATUS,\SI_ORTOOLS_PDLP,\Smaintenance_status,"\S""active_docs_verified""",\Sverified,\S2026-07-17,\N,\N,\SS078,\S2026-07-17,\S2026-07-17,\Shigh,\Sverified,\N,\N,\N
\SCLAIM_ORTOOLS_PDLP_PLATFORM_ARCHITECTURE,\SI_ORTOOLS_PDLP,\Splatform_architecture,"\S""cross_platform""",\Sverified,\S2026-07-17,\N,\N,\SS078,\S2026-07-17,\S2026-07-17,\Shigh,\Sverified,\N,\N,\N
\SCLAIM_ORTOOLS_PDLP_SUPPORTED_PROBLEM_CLASSES,\SI_ORTOOLS_PDLP,\Ssupported_problem_classes,"\S""M_PDLP""",\Sverified,\S2026-07-17,\N,\N,\SS078,\S2026-07-17,\S2026-07-17,\Shigh,\Sverified,\N,\N,\N
\SCLAIM_ORTOOLS_ROUTING_CURRENT_RELEASE,\SI_ORTOOLS_ROUTING,\Scurrent_release,"\S""9.15 (2026-01-12)""",\Sverified,\S2026-07-17,\N,\N,\SS023,\S2026-07-17,\S2026-07-17,\Shigh,\Sverified,\S9.15 (2026-01-12),\N,\S9.15 (2026-01-12)
\SCLAIM_ORTOOLS_ROUTING_GPU_DISTRIBUTED_SUPPORT,\SI_ORTOOLS_ROUTING,\Sgpu_distributed_support,"\S""no""",\Sverified,\S2026-07-17,\N,\N,\SS023,\S2026-07-17,\S2026-07-17,\Shigh,\Sverified,\N,\N,\N
\SCLAIM_ORTOOLS_ROUTING_IMPORTANT_OPTION_DEFAULTS,\SI_ORTOOLS_ROUTING,\Simportant_option_defaults,"\S""tolerances;limits;scaling;verbosity;method_specific_options""",\Sverified,\S2026-07-17,\N,\N,\SS023,\S2026-07-17,\S2026-07-17,\Shigh,\Sverified,\N,\N,\N
\SCLAIM_ORTOOLS_ROUTING_LICENSE_SPDX,\SI_ORTOOLS_ROUTING,\Slicense_spdx,"\S""Apache-2.0""",\Sverified,\S2026-07-17,\N,\N,\SS023,\S2026-07-17,\S2026-07-17,\Shigh,\Sverified,\N,\N,\N
\SCLAIM_ORTOOLS_ROUTING_MAINTENANCE_STATUS,\SI_ORTOOLS_ROUTING,\Smaintenance_status,"\S""active_docs_verified""",\Sverified,\S2026-07-17,\N,\N,\SS023,\S2026-07-17,\S2026-07-17,\Shigh,\Sverified,\N,\N,\N
\SCLAIM_ORTOOLS_ROUTING_PLATFORM_ARCHITECTURE,\SI_ORTOOLS_ROUTING,\Splatform_architecture,"\S""cross_platform""",\Sverified,\S2026-07-17,\N,\N,\SS023,\S2026-07-17,\S2026-07-17,\Shigh,\Sverified,\N,\N,\N
\SCLAIM_ORTOOLS_ROUTING_SUPPORTED_PROBLEM_CLASSES,\SI_ORTOOLS_ROUTING,\Ssupported_problem_classes,"\S""M_LOCAL_SEARCH_COMBINATORIAL;M_CP_SEARCH""",\Sverified,\S2026-07-17,\N,\N,\SS023,\S2026-07-17,\S2026-07-17,\Shigh,\Sverified,\N,\N,\N
\SCLAIM_OSQP_CURRENT_RELEASE,\SI_OSQP,\Scurrent_release,"\S""core 1.0.0; Python wrapper 1.1.3""",\Sverified,\S2026-07-13,\N,\N,\SS012,\S2026-07-13,\S2026-07-13,\Shigh,\Sverified,\Score 1.0.0; Python wrapper 1.1.3,\N,\Score 1.0.0; Python wrapper 1.1.3
\SCLAIM_OSQP_GPU_DISTRIBUTED_SUPPORT,\SI_OSQP,\Sgpu_distributed_support,"\S""no""",\Sverified,\S2026-07-13,\N,\N,\SS012,\S2026-07-13,\S2026-07-13,\Shigh,\Sverified,\N,\N,\N
\SCLAIM_OSQP_IMPORTANT_OPTION_DEFAULTS,\SI_OSQP,\Simportant_option_defaults,"\S""tolerances;limits;scaling;verbosity;method_specific_options""",\Sverified,\S2026-07-13,\N,\N,\SS012,\S2026-07-13,\S2026-07-13,\Shigh,\Sverified,\N,\N,\N
\SCLAIM_OSQP_LICENSE_SPDX,\SI_OSQP,\Slicense_spdx,"\S""Apache-2.0""",\Sverified,\S2026-07-13,\N,\N,\SS012,\S2026-07-13,\S2026-07-13,\Shigh,\Sverified,\N,\N,\N
\SCLAIM_OSQP_MAINTENANCE_STATUS,\SI_OSQP,\Smaintenance_status,"\S""active_docs_verified""",\Sverified,\S2026-07-13,\N,\N,\SS012,\S2026-07-13,\S2026-07-13,\Shigh,\Sverified,\N,\N,\N
\SCLAIM_OSQP_PLATFORM_ARCHITECTURE,\SI_OSQP,\Splatform_architecture,"\S""cross_platform""",\Sverified,\S2026-07-13,\N,\N,\SS012,\S2026-07-13,\S2026-07-13,\Shigh,\Sverified,\N,\N,\N
\SCLAIM_OSQP_SUPPORTED_PROBLEM_CLASSES,\SI_OSQP,\Ssupported_problem_classes,"\S""M_ADMM_QP""",\Sverified,\S2026-07-13,\N,\N,\SS012,\S2026-07-13,\S2026-07-13,\Shigh,\Sverified,\N,\N,\N
\SCLAIM_PETSC_TAO_CURRENT_RELEASE,\SI_PETSC_TAO,\Scurrent_release,"\S{""status"":""unknown""}",\Sexplicit_unknown,\S2026-07-13,\N,\N,\SS019,\S2026-07-13,\S2026-07-13,\Shigh,\Ssource_pending,\N,\N,\N
\SCLAIM_PETSC_TAO_GPU_DISTRIBUTED_SUPPORT,\SI_PETSC_TAO,\Sgpu_distributed_support,"\S""yes_via_PETSc_backends""",\Sverified,\S2026-07-13,\N,\N,\SS019,\S2026-07-13,\S2026-07-13,\Shigh,\Sverified,\N,\N,\N
\SCLAIM_PETSC_TAO_IMPORTANT_OPTION_DEFAULTS,\SI_PETSC_TAO,\Simportant_option_defaults,"\S""tolerances;limits;scaling;verbosity;method_specific_options""",\Sverified,\S2026-07-13,\N,\N,\SS019,\S2026-07-13,\S2026-07-13,\Shigh,\Sverified,\N,\N,\N
\SCLAIM_PETSC_TAO_LICENSE_SPDX,\SI_PETSC_TAO,\Slicense_spdx,"\S""BSD-2-Clause""",\Sverified,\S2026-07-13,\N,\N,\SS019,\S2026-07-13,\S2026-07-13,\Shigh,\Sverified,\N,\N,\N
\SCLAIM_PETSC_TAO_MAINTENANCE_STATUS,\SI_PETSC_TAO,\Smaintenance_status,"\S""active_docs_verified""",\Sverified,\S2026-07-13,\N,\N,\SS019,\S2026-07-13,\S2026-07-13,\Shigh,\Sverified,\N,\N,\N
\SCLAIM_PETSC_TAO_PLATFORM_ARCHITECTURE,\SI_PETSC_TAO,\Splatform_architecture,"\S""cross_platform""",\Sverified,\S2026-07-13,\N,\N,\SS019,\S2026-07-13,\S2026-07-13,\Shigh,\Sverified,\N,\N,\N
\SCLAIM_PETSC_TAO_SUPPORTED_PROBLEM_CLASSES,\SI_PETSC_TAO,\Ssupported_problem_classes,"\S""M_NEWTON_CG;M_LBFGS;M_TRUST_NCG;M_PROJECTED_GRADIENT""",\Sverified,\S2026-07-13,\N,\N,\SS019,\S2026-07-13,\S2026-07-13,\Shigh,\Sverified,\N,\N,\N
\SCLAIM_PYCMA_CURRENT_RELEASE,\SI_PYCMA,\Scurrent_release,"\S{""status"":""unknown""}",\Sexplicit_unknown,\S2026-07-13,\N,\N,\SS032,\S2026-07-13,\S2026-07-13,\Shigh,\Ssource_pending,\N,\N,\N
\SCLAIM_PYCMA_GPU_DISTRIBUTED_SUPPORT,\SI_PYCMA,\Sgpu_distributed_support,"\S""no""",\Sverified,\S2026-07-13,\N,\N,\SS032,\S2026-07-13,\S2026-07-13,\Shigh,\Sverified,\N,\N,\N
\SCLAIM_PYCMA_IMPORTANT_OPTION_DEFAULTS,\SI_PYCMA,\Simportant_option_defaults,"\S""tolerances;limits;scaling;verbosity;method_specific_options""",\Sverified,\S2026-07-13,\N,\N,\SS032,\S2026-07-13,\S2026-07-13,\Shigh,\Sverified,\N,\N,\N
\SCLAIM_PYCMA_LICENSE_SPDX,\SI_PYCMA,\Slicense_spdx,"\S""BSD-3-Clause""",\Sverified,\S2026-07-13,\N,\N,\SS032,\S2026-07-13,\S2026-07-13,\Shigh,\Sverified,\N,\N,\N
\SCLAIM_PYCMA_MAINTENANCE_STATUS,\SI_PYCMA,\Smaintenance_status,"\S""active_docs_verified""",\Sverified,\S2026-07-13,\N,\N,\SS032,\S2026-07-13,\S2026-07-13,\Shigh,\Sverified,\N,\N,\N
\SCLAIM_PYCMA_PLATFORM_ARCHITECTURE,\SI_PYCMA,\Splatform_architecture,"\S""cross_platform""",\Sverified,\S2026-07-13,\N,\N,\SS032,\S2026-07-13,\S2026-07-13,\Shigh,\Sverified,\N,\N,\N
\SCLAIM_PYCMA_SUPPORTED_PROBLEM_CLASSES,\SI_PYCMA,\Ssupported_problem_classes,"\S""M_CMA_ES""",\Sverified,\S2026-07-13,\N,\N,\SS032,\S2026-07-13,\S2026-07-13,\Shigh,\Sverified,\N,\N,\N
\SCLAIM_PYMANOPT_CURRENT_RELEASE,\SI_PYMANOPT,\Scurrent_release,"\S""2.2.1""",\Sverified,\S2026-07-13,\N,\N,\SS044,\S2026-07-13,\S2026-07-13,\Shigh,\Sverified,\S2.2.1,\N,\S2.2.1
\SCLAIM_PYMANOPT_GPU_DISTRIBUTED_SUPPORT,\SI_PYMANOPT,\Sgpu_distributed_support,"\S""backend_dependent""",\Sverified,\S2026-07-13,\N,\N,\SS044,\S2026-07-13,\S2026-07-13,\Shigh,\Sverified,\N,\N,\N
\SCLAIM_PYMANOPT_IMPORTANT_OPTION_DEFAULTS,\SI_PYMANOPT,\Simportant_option_defaults,"\S""tolerances;limits;scaling;verbosity;method_specific_options""",\Sverified,\S2026-07-13,\N,\N,\SS044,\S2026-07-13,\S2026-07-13,\Shigh,\Sverified,\N,\N,\N
\SCLAIM_PYMANOPT_LICENSE_SPDX,\SI_PYMANOPT,\Slicense_spdx,"\S""BSD-3-Clause""",\Sverified,\S2026-07-13,\N,\N,\SS044,\S2026-07-13,\S2026-07-13,\Shigh,\Sverified,\N,\N,\N
\SCLAIM_PYMANOPT_MAINTENANCE_STATUS,\SI_PYMANOPT,\Smaintenance_status,"\S""active_docs_verified""",\Sverified,\S2026-07-13,\N,\N,\SS044,\S2026-07-13,\S2026-07-13,\Shigh,\Sverified,\N,\N,\N
\SCLAIM_PYMANOPT_PLATFORM_ARCHITECTURE,\SI_PYMANOPT,\Splatform_architecture,"\S""cross_platform""",\Sverified,\S2026-07-13,\N,\N,\SS044,\S2026-07-13,\S2026-07-13,\Shigh,\Sverified,\N,\N,\N
\SCLAIM_PYMANOPT_SUPPORTED_PROBLEM_CLASSES,\SI_PYMANOPT,\Ssupported_problem_classes,"\S""M_RIEMANNIAN_GRADIENT;M_RIEMANNIAN_TRUST_REGION""",\Sverified,\S2026-07-13,\N,\N,\SS044,\S2026-07-13,\S2026-07-13,\Shigh,\Sverified,\N,\N,\N
\SCLAIM_PYMOO_CURRENT_RELEASE,\SI_PYMOO,\Scurrent_release,"\S{""status"":""unknown""}",\Sexplicit_unknown,\S2026-07-13,\N,\N,\SS039,\S2026-07-13,\S2026-07-13,\Shigh,\Ssource_pending,\N,\N,\N
\SCLAIM_PYMOO_GPU_DISTRIBUTED_SUPPORT,\SI_PYMOO,\Sgpu_distributed_support,"\S""no""",\Sverified,\S2026-07-13,\N,\N,\SS039,\S2026-07-13,\S2026-07-13,\Shigh,\Sverified,\N,\N,\N
\SCLAIM_PYMOO_IMPORTANT_OPTION_DEFAULTS,\SI_PYMOO,\Simportant_option_defaults,"\S""tolerances;limits;scaling;verbosity;method_specific_options""",\Sverified,\S2026-07-13,\N,\N,\SS039,\S2026-07-13,\S2026-07-13,\Shigh,\Sverified,\N,\N,\N
\SCLAIM_PYMOO_LICENSE_SPDX,\SI_PYMOO,\Slicense_spdx,"\S""Apache-2.0""",\Sverified,\S2026-07-13,\N,\N,\SS039,\S2026-07-13,\S2026-07-13,\Shigh,\Sverified,\N,\N,\N
\SCLAIM_PYMOO_MAINTENANCE_STATUS,\SI_PYMOO,\Smaintenance_status,"\S""active_docs_verified""",\Sverified,\S2026-07-13,\N,\N,\SS039,\S2026-07-13,\S2026-07-13,\Shigh,\Sverified,\N,\N,\N
\SCLAIM_PYMOO_PLATFORM_ARCHITECTURE,\SI_PYMOO,\Splatform_architecture,"\S""cross_platform""",\Sverified,\S2026-07-13,\N,\N,\SS039,\S2026-07-13,\S2026-07-13,\Shigh,\Sverified,\N,\N,\N
\SCLAIM_PYMOO_SUPPORTED_PROBLEM_CLASSES,\SI_PYMOO,\Ssupported_problem_classes,"\S""M_NSGA_II;M_NSGA_III;M_MOEA_D;M_GENETIC_ALGORITHM""",\Sverified,\S2026-07-13,\N,\N,\SS039,\S2026-07-13,\S2026-07-13,\Shigh,\Sverified,\N,\N,\N
\SCLAIM_PYOMO_CURRENT_RELEASE,\SI_PYOMO,\Scurrent_release,"\S{""status"":""unknown""}",\Sexplicit_unknown,\S2026-07-13,\N,\N,\SS020,\S2026-07-13,\S2026-07-13,\Shigh,\Ssource_pending,\N,\N,\N
\SCLAIM_PYOMO_GPU_DISTRIBUTED_SUPPORT,\SI_PYOMO,\Sgpu_distributed_support,"\S""backend_dependent""",\Sverified,\S2026-07-13,\N,\N,\SS020,\S2026-07-13,\S2026-07-13,\Shigh,\Sverified,\N,\N,\N
\SCLAIM_PYOMO_IMPORTANT_OPTION_DEFAULTS,\SI_PYOMO,\Simportant_option_defaults,"\S""tolerances;limits;scaling;verbosity;method_specific_options""",\Sverified,\S2026-07-13,\N,\N,\SS020,\S2026-07-13,\S2026-07-13,\Shigh,\Sverified,\N,\N,\N
\SCLAIM_PYOMO_LICENSE_SPDX,\SI_PYOMO,\Slicense_spdx,"\S""BSD-3-Clause""",\Sverified,\S2026-07-13,\N,\N,\SS020,\S2026-07-13,\S2026-07-13,\Shigh,\Sverified,\N,\N,\N
\SCLAIM_PYOMO_MAINTENANCE_STATUS,\SI_PYOMO,\Smaintenance_status,"\S""active_docs_verified""",\Sverified,\S2026-07-13,\N,\N,\SS020,\S2026-07-13,\S2026-07-13,\Shigh,\Sverified,\N,\N,\N
\SCLAIM_PYOMO_PLATFORM_ARCHITECTURE,\SI_PYOMO,\Splatform_architecture,"\S""cross_platform""",\Sverified,\S2026-07-13,\N,\N,\SS020,\S2026-07-13,\S2026-07-13,\Shigh,\Sverified,\N,\N,\N
\SCLAIM_PYOMO_SUPPORTED_PROBLEM_CLASSES,\SI_PYOMO,\Ssupported_problem_classes,"\S""M_BRANCH_CUT;M_INTERIOR_POINT_NLP;M_OUTER_APPROX_MINLP""",\Sverified,\S2026-07-13,\N,\N,\SS020,\S2026-07-13,\S2026-07-13,\Shigh,\Sverified,\N,\N,\N
\SCLAIM_PYTORCH_OPTIM_CURRENT_RELEASE,\SI_PYTORCH_OPTIM,\Scurrent_release,"\S""2.13 docs observed""",\Sverified,\S2026-07-13,\N,\N,\SS048,\S2026-07-13,\S2026-07-13,\Shigh,\Sverified,\S2.13 docs observed,\N,\S2.13 docs observed
\SCLAIM_PYTORCH_OPTIM_GPU_DISTRIBUTED_SUPPORT,\SI_PYTORCH_OPTIM,\Sgpu_distributed_support,"\S""yes""",\Sverified,\S2026-07-13,\N,\N,\SS048,\S2026-07-13,\S2026-07-13,\Shigh,\Sverified,\N,\N,\N
\SCLAIM_PYTORCH_OPTIM_IMPORTANT_OPTION_DEFAULTS,\SI_PYTORCH_OPTIM,\Simportant_option_defaults,"\S""tolerances;limits;scaling;verbosity;method_specific_options""",\Sverified,\S2026-07-13,\N,\N,\SS048,\S2026-07-13,\S2026-07-13,\Shigh,\Sverified,\N,\N,\N
\SCLAIM_PYTORCH_OPTIM_LICENSE_SPDX,\SI_PYTORCH_OPTIM,\Slicense_spdx,"\S""BSD-3-Clause""",\Sverified,\S2026-07-13,\N,\N,\SS048,\S2026-07-13,\S2026-07-13,\Shigh,\Sverified,\N,\N,\N
\SCLAIM_PYTORCH_OPTIM_MAINTENANCE_STATUS,\SI_PYTORCH_OPTIM,\Smaintenance_status,"\S""active_docs_verified""",\Sverified,\S2026-07-13,\N,\N,\SS048,\S2026-07-13,\S2026-07-13,\Shigh,\Sverified,\N,\N,\N
\SCLAIM_PYTORCH_OPTIM_PLATFORM_ARCHITECTURE,\SI_PYTORCH_OPTIM,\Splatform_architecture,"\S""cross_platform""",\Sverified,\S2026-07-13,\N,\N,\SS048,\S2026-07-13,\S2026-07-13,\Shigh,\Sverified,\N,\N,\N
\SCLAIM_PYTORCH_OPTIM_SUPPORTED_PROBLEM_CLASSES,\SI_PYTORCH_OPTIM,\Ssupported_problem_classes,"\S""M_SGD;M_MOMENTUM_SGD;M_ADAM;M_ADAMW;M_LBFGS""",\Sverified,\S2026-07-13,\N,\N,\SS048,\S2026-07-13,\S2026-07-13,\Shigh,\Sverified,\N,\N,\N
\SCLAIM_RAY_TUNE_CURRENT_RELEASE,\SI_RAY_TUNE,\Scurrent_release,"\S""2.56.0 (official docs observed)""",\Sverified,\S2026-07-13,\N,\N,\SS038,\S2026-07-13,\S2026-07-13,\Shigh,\Sverified,\S2.56.0 (official docs observed),\N,\S2.56.0 (official docs observed)
\SCLAIM_RAY_TUNE_GPU_DISTRIBUTED_SUPPORT,\SI_RAY_TUNE,\Sgpu_distributed_support,"\S""yes_resource_scheduling""",\Sverified,\S2026-07-13,\N,\N,\SS038,\S2026-07-13,\S2026-07-13,\Shigh,\Sverified,\N,\N,\N
\SCLAIM_RAY_TUNE_IMPORTANT_OPTION_DEFAULTS,\SI_RAY_TUNE,\Simportant_option_defaults,"\S""tolerances;limits;scaling;verbosity;method_specific_options""",\Sverified,\S2026-07-13,\N,\N,\SS038,\S2026-07-13,\S2026-07-13,\Shigh,\Sverified,\N,\N,\N
\SCLAIM_RAY_TUNE_LICENSE_SPDX,\SI_RAY_TUNE,\Slicense_spdx,"\S""Apache-2.0""",\Sverified,\S2026-07-13,\N,\N,\SS038,\S2026-07-13,\S2026-07-13,\Shigh,\Sverified,\N,\N,\N
\SCLAIM_RAY_TUNE_MAINTENANCE_STATUS,\SI_RAY_TUNE,\Smaintenance_status,"\S""active_docs_verified""",\Sverified,\S2026-07-13,\N,\N,\SS038,\S2026-07-13,\S2026-07-13,\Shigh,\Sverified,\N,\N,\N
\SCLAIM_RAY_TUNE_PLATFORM_ARCHITECTURE,\SI_RAY_TUNE,\Splatform_architecture,"\S""cross_platform""",\Sverified,\S2026-07-13,\N,\N,\SS038,\S2026-07-13,\S2026-07-13,\Shigh,\Sverified,\N,\N,\N
\SCLAIM_RAY_TUNE_SUPPORTED_PROBLEM_CLASSES,\SI_RAY_TUNE,\Ssupported_problem_classes,"\S""M_RANDOM_SEARCH;M_HYPERBAND_ASHA;M_PBT;M_BAYESIAN_OPT_GP""",\Sverified,\S2026-07-13,\N,\N,\SS038,\S2026-07-13,\S2026-07-13,\Shigh,\Sverified,\N,\N,\N
\SCLAIM_SCIPY_BASINHOPPING_CURRENT_RELEASE,\SI_SCIPY_BASINHOPPING,\Scurrent_release,"\S""SciPy 1.18.0""",\Sverified,\S2026-07-13,\N,\N,\SS001,\S2026-07-13,\S2026-07-13,\Shigh,\Sverified,\SSciPy 1.18.0,\N,\SSciPy 1.18.0
\SCLAIM_SCIPY_BASINHOPPING_GPU_DISTRIBUTED_SUPPORT,\SI_SCIPY_BASINHOPPING,\Sgpu_distributed_support,"\S""no""",\Sverified,\S2026-07-13,\N,\N,\SS001,\S2026-07-13,\S2026-07-13,\Shigh,\Sverified,\N,\N,\N
\SCLAIM_SCIPY_BASINHOPPING_IMPORTANT_OPTION_DEFAULTS,\SI_SCIPY_BASINHOPPING,\Simportant_option_defaults,"\S""tolerances;limits;scaling;verbosity;method_specific_options""",\Sverified,\S2026-07-13,\N,\N,\SS001,\S2026-07-13,\S2026-07-13,\Shigh,\Sverified,\N,\N,\N
\SCLAIM_SCIPY_BASINHOPPING_LICENSE_SPDX,\SI_SCIPY_BASINHOPPING,\Slicense_spdx,"\S""BSD-3-Clause""",\Sverified,\S2026-07-13,\N,\N,\SS001,\S2026-07-13,\S2026-07-13,\Shigh,\Sverified,\N,\N,\N
\SCLAIM_SCIPY_BASINHOPPING_MAINTENANCE_STATUS,\SI_SCIPY_BASINHOPPING,\Smaintenance_status,"\S""active_docs_verified""",\Sverified,\S2026-07-13,\N,\N,\SS001,\S2026-07-13,\S2026-07-13,\Shigh,\Sverified,\N,\N,\N
\SCLAIM_SCIPY_BASINHOPPING_PLATFORM_ARCHITECTURE,\SI_SCIPY_BASINHOPPING,\Splatform_architecture,"\S""cross_platform""",\Sverified,\S2026-07-13,\N,\N,\SS001,\S2026-07-13,\S2026-07-13,\Shigh,\Sverified,\N,\N,\N
\SCLAIM_SCIPY_BASINHOPPING_SUPPORTED_PROBLEM_CLASSES,\SI_SCIPY_BASINHOPPING,\Ssupported_problem_classes,"\S""M_BASIN_HOPPING;M_MULTISTART""",\Sverified,\S2026-07-13,\N,\N,\SS001,\S2026-07-13,\S2026-07-13,\Shigh,\Sverified,\N,\N,\N
\SCLAIM_SCIPY_BFGS_CURRENT_RELEASE,\SI_SCIPY_BFGS,\Scurrent_release,"\S""SciPy 1.18.0""",\Sverified,\S2026-07-13,\N,\N,\SS001,\S2026-07-13,\S2026-07-13,\Shigh,\Sverified,\SSciPy 1.18.0,\N,\SSciPy 1.18.0
\SCLAIM_SCIPY_BFGS_GPU_DISTRIBUTED_SUPPORT,\SI_SCIPY_BFGS,\Sgpu_distributed_support,"\S""no""",\Sverified,\S2026-07-13,\N,\N,\SS001,\S2026-07-13,\S2026-07-13,\Shigh,\Sverified,\N,\N,\N
\SCLAIM_SCIPY_BFGS_IMPORTANT_OPTION_DEFAULTS,\SI_SCIPY_BFGS,\Simportant_option_defaults,"\S""tolerances;limits;scaling;verbosity;method_specific_options""",\Sverified,\S2026-07-13,\N,\N,\SS001,\S2026-07-13,\S2026-07-13,\Shigh,\Sverified,\N,\N,\N
\SCLAIM_SCIPY_BFGS_LICENSE_SPDX,\SI_SCIPY_BFGS,\Slicense_spdx,"\S""BSD-3-Clause""",\Sverified,\S2026-07-13,\N,\N,\SS001,\S2026-07-13,\S2026-07-13,\Shigh,\Sverified,\N,\N,\N
\SCLAIM_SCIPY_BFGS_MAINTENANCE_STATUS,\SI_SCIPY_BFGS,\Smaintenance_status,"\S""active_docs_verified""",\Sverified,\S2026-07-13,\N,\N,\SS001,\S2026-07-13,\S2026-07-13,\Shigh,\Sverified,\N,\N,\N
\SCLAIM_SCIPY_BFGS_PLATFORM_ARCHITECTURE,\SI_SCIPY_BFGS,\Splatform_architecture,"\S""cross_platform""",\Sverified,\S2026-07-13,\N,\N,\SS001,\S2026-07-13,\S2026-07-13,\Shigh,\Sverified,\N,\N,\N
\SCLAIM_SCIPY_BFGS_SUPPORTED_PROBLEM_CLASSES,\SI_SCIPY_BFGS,\Ssupported_problem_classes,"\S""M_BFGS""",\Sverified,\S2026-07-13,\N,\N,\SS001,\S2026-07-13,\S2026-07-13,\Shigh,\Sverified,\N,\N,\N
\SCLAIM_SCIPY_COBYLA_CURRENT_RELEASE,\SI_SCIPY_COBYLA,\Scurrent_release,"\S""SciPy 1.18.0""",\Sverified,\S2026-07-13,\N,\N,\SS001,\S2026-07-13,\S2026-07-13,\Shigh,\Sverified,\SSciPy 1.18.0,\N,\SSciPy 1.18.0
\SCLAIM_SCIPY_COBYLA_GPU_DISTRIBUTED_SUPPORT,\SI_SCIPY_COBYLA,\Sgpu_distributed_support,"\S""no""",\Sverified,\S2026-07-13,\N,\N,\SS001,\S2026-07-13,\S2026-07-13,\Shigh,\Sverified,\N,\N,\N
\SCLAIM_SCIPY_COBYLA_IMPORTANT_OPTION_DEFAULTS,\SI_SCIPY_COBYLA,\Simportant_option_defaults,"\S""tolerances;limits;scaling;verbosity;method_specific_options""",\Sverified,\S2026-07-13,\N,\N,\SS001,\S2026-07-13,\S2026-07-13,\Shigh,\Sverified,\N,\N,\N
\SCLAIM_SCIPY_COBYLA_LICENSE_SPDX,\SI_SCIPY_COBYLA,\Slicense_spdx,"\S""BSD-3-Clause""",\Sverified,\S2026-07-13,\N,\N,\SS001,\S2026-07-13,\S2026-07-13,\Shigh,\Sverified,\N,\N,\N
\SCLAIM_SCIPY_COBYLA_MAINTENANCE_STATUS,\SI_SCIPY_COBYLA,\Smaintenance_status,"\S""active_docs_verified""",\Sverified,\S2026-07-13,\N,\N,\SS001,\S2026-07-13,\S2026-07-13,\Shigh,\Sverified,\N,\N,\N
\SCLAIM_SCIPY_COBYLA_PLATFORM_ARCHITECTURE,\SI_SCIPY_COBYLA,\Splatform_architecture,"\S""cross_platform""",\Sverified,\S2026-07-13,\N,\N,\SS001,\S2026-07-13,\S2026-07-13,\Shigh,\Sverified,\N,\N,\N
\SCLAIM_SCIPY_COBYLA_SUPPORTED_PROBLEM_CLASSES,\SI_SCIPY_COBYLA,\Ssupported_problem_classes,"\S""M_COBYLA""",\Sverified,\S2026-07-13,\N,\N,\SS001,\S2026-07-13,\S2026-07-13,\Shigh,\Sverified,\N,\N,\N
\SCLAIM_SCIPY_COBYQA_CURRENT_RELEASE,\SI_SCIPY_COBYQA,\Scurrent_release,"\S""SciPy 1.18.0""",\Sverified,\S2026-07-13,\N,\N,\SS001,\S2026-07-13,\S2026-07-13,\Shigh,\Sverified,\SSciPy 1.18.0,\N,\SSciPy 1.18.0
\SCLAIM_SCIPY_COBYQA_GPU_DISTRIBUTED_SUPPORT,\SI_SCIPY_COBYQA,\Sgpu_distributed_support,"\S""no""",\Sverified,\S2026-07-13,\N,\N,\SS001,\S2026-07-13,\S2026-07-13,\Shigh,\Sverified,\N,\N,\N
\SCLAIM_SCIPY_COBYQA_IMPORTANT_OPTION_DEFAULTS,\SI_SCIPY_COBYQA,\Simportant_option_defaults,"\S""tolerances;limits;scaling;verbosity;method_specific_options""",\Sverified,\S2026-07-13,\N,\N,\SS001,\S2026-07-13,\S2026-07-13,\Shigh,\Sverified,\N,\N,\N
\SCLAIM_SCIPY_COBYQA_LICENSE_SPDX,\SI_SCIPY_COBYQA,\Slicense_spdx,"\S""BSD-3-Clause""",\Sverified,\S2026-07-13,\N,\N,\SS001,\S2026-07-13,\S2026-07-13,\Shigh,\Sverified,\N,\N,\N
\SCLAIM_SCIPY_COBYQA_MAINTENANCE_STATUS,\SI_SCIPY_COBYQA,\Smaintenance_status,"\S""active_docs_verified""",\Sverified,\S2026-07-13,\N,\N,\SS001,\S2026-07-13,\S2026-07-13,\Shigh,\Sverified,\N,\N,\N
\SCLAIM_SCIPY_COBYQA_PLATFORM_ARCHITECTURE,\SI_SCIPY_COBYQA,\Splatform_architecture,"\S""cross_platform""",\Sverified,\S2026-07-13,\N,\N,\SS001,\S2026-07-13,\S2026-07-13,\Shigh,\Sverified,\N,\N,\N
\SCLAIM_SCIPY_COBYQA_SUPPORTED_PROBLEM_CLASSES,\SI_SCIPY_COBYQA,\Ssupported_problem_classes,"\S""M_COBYQA""",\Sverified,\S2026-07-13,\N,\N,\SS001,\S2026-07-13,\S2026-07-13,\Shigh,\Sverified,\N,\N,\N
\SCLAIM_SCIPY_DIFFERENTIAL_EVOLUTION_CURRENT_RELEASE,\SI_SCIPY_DIFFERENTIAL_EVOLUTION,\Scurrent_release,"\S""SciPy 1.18.0""",\Sverified,\S2026-07-13,\N,\N,\SS006,\S2026-07-13,\S2026-07-13,\Shigh,\Sverified,\SSciPy 1.18.0,\N,\SSciPy 1.18.0
\SCLAIM_SCIPY_DIFFERENTIAL_EVOLUTION_GPU_DISTRIBUTED_SUPPORT,\SI_SCIPY_DIFFERENTIAL_EVOLUTION,\Sgpu_distributed_support,"\S""no""",\Sverified,\S2026-07-13,\N,\N,\SS006,\S2026-07-13,\S2026-07-13,\Shigh,\Sverified,\N,\N,\N
\SCLAIM_SCIPY_DIFFERENTIAL_EVOLUTION_IMPORTANT_OPTION_DEFAULTS,\SI_SCIPY_DIFFERENTIAL_EVOLUTION,\Simportant_option_defaults,"\S""tolerances;limits;scaling;verbosity;method_specific_options""",\Sverified,\S2026-07-13,\N,\N,\SS006,\S2026-07-13,\S2026-07-13,\Shigh,\Sverified,\N,\N,\N
\SCLAIM_SCIPY_DIFFERENTIAL_EVOLUTION_LICENSE_SPDX,\SI_SCIPY_DIFFERENTIAL_EVOLUTION,\Slicense_spdx,"\S""BSD-3-Clause""",\Sverified,\S2026-07-13,\N,\N,\SS006,\S2026-07-13,\S2026-07-13,\Shigh,\Sverified,\N,\N,\N
\SCLAIM_SCIPY_DIFFERENTIAL_EVOLUTION_MAINTENANCE_STATUS,\SI_SCIPY_DIFFERENTIAL_EVOLUTION,\Smaintenance_status,"\S""active_docs_verified""",\Sverified,\S2026-07-13,\N,\N,\SS006,\S2026-07-13,\S2026-07-13,\Shigh,\Sverified,\N,\N,\N
\SCLAIM_SCIPY_DIFFERENTIAL_EVOLUTION_PLATFORM_ARCHITECTURE,\SI_SCIPY_DIFFERENTIAL_EVOLUTION,\Splatform_architecture,"\S""cross_platform""",\Sverified,\S2026-07-13,\N,\N,\SS006,\S2026-07-13,\S2026-07-13,\Shigh,\Sverified,\N,\N,\N
\SCLAIM_SCIPY_DIFFERENTIAL_EVOLUTION_SUPPORTED_PROBLEM_CLASSES,\SI_SCIPY_DIFFERENTIAL_EVOLUTION,\Ssupported_problem_classes,"\S""M_DIFFERENTIAL_EVOLUTION""",\Sverified,\S2026-07-13,\N,\N,\SS006,\S2026-07-13,\S2026-07-13,\Shigh,\Sverified,\N,\N,\N
\SCLAIM_SCIPY_DIRECT_CURRENT_RELEASE,\SI_SCIPY_DIRECT,\Scurrent_release,"\S""SciPy 1.18.0""",\Sverified,\S2026-07-13,\N,\N,\SS008,\S2026-07-13,\S2026-07-13,\Shigh,\Sverified,\SSciPy 1.18.0,\N,\SSciPy 1.18.0
\SCLAIM_SCIPY_DIRECT_GPU_DISTRIBUTED_SUPPORT,\SI_SCIPY_DIRECT,\Sgpu_distributed_support,"\S""no""",\Sverified,\S2026-07-13,\N,\N,\SS008,\S2026-07-13,\S2026-07-13,\Shigh,\Sverified,\N,\N,\N
\SCLAIM_SCIPY_DIRECT_IMPORTANT_OPTION_DEFAULTS,\SI_SCIPY_DIRECT,\Simportant_option_defaults,"\S""tolerances;limits;scaling;verbosity;method_specific_options""",\Sverified,\S2026-07-13,\N,\N,\SS008,\S2026-07-13,\S2026-07-13,\Shigh,\Sverified,\N,\N,\N
\SCLAIM_SCIPY_DIRECT_LICENSE_SPDX,\SI_SCIPY_DIRECT,\Slicense_spdx,"\S""BSD-3-Clause""",\Sverified,\S2026-07-13,\N,\N,\SS008,\S2026-07-13,\S2026-07-13,\Shigh,\Sverified,\N,\N,\N
\SCLAIM_SCIPY_DIRECT_MAINTENANCE_STATUS,\SI_SCIPY_DIRECT,\Smaintenance_status,"\S""active_docs_verified""",\Sverified,\S2026-07-13,\N,\N,\SS008,\S2026-07-13,\S2026-07-13,\Shigh,\Sverified,\N,\N,\N
\SCLAIM_SCIPY_DIRECT_PLATFORM_ARCHITECTURE,\SI_SCIPY_DIRECT,\Splatform_architecture,"\S""cross_platform""",\Sverified,\S2026-07-13,\N,\N,\SS008,\S2026-07-13,\S2026-07-13,\Shigh,\Sverified,\N,\N,\N
\SCLAIM_SCIPY_DIRECT_SUPPORTED_PROBLEM_CLASSES,\SI_SCIPY_DIRECT,\Ssupported_problem_classes,"\S""M_DIRECT""",\Sverified,\S2026-07-13,\N,\N,\SS008,\S2026-07-13,\S2026-07-13,\Shigh,\Sverified,\N,\N,\N
\SCLAIM_SCIPY_DUAL_ANNEALING_CURRENT_RELEASE,\SI_SCIPY_DUAL_ANNEALING,\Scurrent_release,"\S""SciPy 1.18.0""",\Sverified,\S2026-07-13,\N,\N,\SS009,\S2026-07-13,\S2026-07-13,\Shigh,\Sverified,\SSciPy 1.18.0,\N,\SSciPy 1.18.0
\SCLAIM_SCIPY_DUAL_ANNEALING_GPU_DISTRIBUTED_SUPPORT,\SI_SCIPY_DUAL_ANNEALING,\Sgpu_distributed_support,"\S""no""",\Sverified,\S2026-07-13,\N,\N,\SS009,\S2026-07-13,\S2026-07-13,\Shigh,\Sverified,\N,\N,\N
\SCLAIM_SCIPY_DUAL_ANNEALING_IMPORTANT_OPTION_DEFAULTS,\SI_SCIPY_DUAL_ANNEALING,\Simportant_option_defaults,"\S""tolerances;limits;scaling;verbosity;method_specific_options""",\Sverified,\S2026-07-13,\N,\N,\SS009,\S2026-07-13,\S2026-07-13,\Shigh,\Sverified,\N,\N,\N
\SCLAIM_SCIPY_DUAL_ANNEALING_LICENSE_SPDX,\SI_SCIPY_DUAL_ANNEALING,\Slicense_spdx,"\S""BSD-3-Clause""",\Sverified,\S2026-07-13,\N,\N,\SS009,\S2026-07-13,\S2026-07-13,\Shigh,\Sverified,\N,\N,\N
\SCLAIM_SCIPY_DUAL_ANNEALING_MAINTENANCE_STATUS,\SI_SCIPY_DUAL_ANNEALING,\Smaintenance_status,"\S""active_docs_verified""",\Sverified,\S2026-07-13,\N,\N,\SS009,\S2026-07-13,\S2026-07-13,\Shigh,\Sverified,\N,\N,\N
\SCLAIM_SCIPY_DUAL_ANNEALING_PLATFORM_ARCHITECTURE,\SI_SCIPY_DUAL_ANNEALING,\Splatform_architecture,"\S""cross_platform""",\Sverified,\S2026-07-13,\N,\N,\SS009,\S2026-07-13,\S2026-07-13,\Shigh,\Sverified,\N,\N,\N
\SCLAIM_SCIPY_DUAL_ANNEALING_SUPPORTED_PROBLEM_CLASSES,\SI_SCIPY_DUAL_ANNEALING,\Ssupported_problem_classes,"\S""M_SIMULATED_ANNEALING""",\Sverified,\S2026-07-13,\N,\N,\SS009,\S2026-07-13,\S2026-07-13,\Shigh,\Sverified,\N,\N,\N
\SCLAIM_SCIPY_LBFGSB_CURRENT_RELEASE,\SI_SCIPY_LBFGSB,\Scurrent_release,"\S""SciPy 1.18.0""",\Sverified,\S2026-07-13,\N,\N,\SS001,\S2026-07-13,\S2026-07-13,\Shigh,\Sverified,\SSciPy 1.18.0,\N,\SSciPy 1.18.0
\SCLAIM_SCIPY_LBFGSB_GPU_DISTRIBUTED_SUPPORT,\SI_SCIPY_LBFGSB,\Sgpu_distributed_support,"\S""no""",\Sverified,\S2026-07-13,\N,\N,\SS001,\S2026-07-13,\S2026-07-13,\Shigh,\Sverified,\N,\N,\N
\SCLAIM_SCIPY_LBFGSB_IMPORTANT_OPTION_DEFAULTS,\SI_SCIPY_LBFGSB,\Simportant_option_defaults,"\S""tolerances;limits;scaling;verbosity;method_specific_options""",\Sverified,\S2026-07-13,\N,\N,\SS001,\S2026-07-13,\S2026-07-13,\Shigh,\Sverified,\N,\N,\N
\SCLAIM_SCIPY_LBFGSB_LICENSE_SPDX,\SI_SCIPY_LBFGSB,\Slicense_spdx,"\S""BSD-3-Clause""",\Sverified,\S2026-07-13,\N,\N,\SS001,\S2026-07-13,\S2026-07-13,\Shigh,\Sverified,\N,\N,\N
\SCLAIM_SCIPY_LBFGSB_MAINTENANCE_STATUS,\SI_SCIPY_LBFGSB,\Smaintenance_status,"\S""active_docs_verified""",\Sverified,\S2026-07-13,\N,\N,\SS001,\S2026-07-13,\S2026-07-13,\Shigh,\Sverified,\N,\N,\N
\SCLAIM_SCIPY_LBFGSB_PLATFORM_ARCHITECTURE,\SI_SCIPY_LBFGSB,\Splatform_architecture,"\S""cross_platform""",\Sverified,\S2026-07-13,\N,\N,\SS001,\S2026-07-13,\S2026-07-13,\Shigh,\Sverified,\N,\N,\N
\SCLAIM_SCIPY_LBFGSB_SUPPORTED_PROBLEM_CLASSES,\SI_SCIPY_LBFGSB,\Ssupported_problem_classes,"\S""M_LBFGSB""",\Sverified,\S2026-07-13,\N,\N,\SS001,\S2026-07-13,\S2026-07-13,\Shigh,\Sverified,\N,\N,\N
\SCLAIM_SCIPY_LEAST_SQUARES_LM_CURRENT_RELEASE,\SI_SCIPY_LEAST_SQUARES_LM,\Scurrent_release,"\S""SciPy 1.18.0""",\Sverified,\S2026-07-13,\N,\N,\SS003,\S2026-07-13,\S2026-07-13,\Shigh,\Sverified,\SSciPy 1.18.0,\N,\SSciPy 1.18.0
\SCLAIM_SCIPY_LEAST_SQUARES_LM_GPU_DISTRIBUTED_SUPPORT,\SI_SCIPY_LEAST_SQUARES_LM,\Sgpu_distributed_support,"\S""no""",\Sverified,\S2026-07-13,\N,\N,\SS003,\S2026-07-13,\S2026-07-13,\Shigh,\Sverified,\N,\N,\N
\SCLAIM_SCIPY_LEAST_SQUARES_LM_IMPORTANT_OPTION_DEFAULTS,\SI_SCIPY_LEAST_SQUARES_LM,\Simportant_option_defaults,"\S""tolerances;limits;scaling;verbosity;method_specific_options""",\Sverified,\S2026-07-13,\N,\N,\SS003,\S2026-07-13,\S2026-07-13,\Shigh,\Sverified,\N,\N,\N
\SCLAIM_SCIPY_LEAST_SQUARES_LM_LICENSE_SPDX,\SI_SCIPY_LEAST_SQUARES_LM,\Slicense_spdx,"\S""BSD-3-Clause""",\Sverified,\S2026-07-13,\N,\N,\SS003,\S2026-07-13,\S2026-07-13,\Shigh,\Sverified,\N,\N,\N
\SCLAIM_SCIPY_LEAST_SQUARES_LM_MAINTENANCE_STATUS,\SI_SCIPY_LEAST_SQUARES_LM,\Smaintenance_status,"\S""active_docs_verified""",\Sverified,\S2026-07-13,\N,\N,\SS003,\S2026-07-13,\S2026-07-13,\Shigh,\Sverified,\N,\N,\N
\SCLAIM_SCIPY_LEAST_SQUARES_LM_PLATFORM_ARCHITECTURE,\SI_SCIPY_LEAST_SQUARES_LM,\Splatform_architecture,"\S""cross_platform""",\Sverified,\S2026-07-13,\N,\N,\SS003,\S2026-07-13,\S2026-07-13,\Shigh,\Sverified,\N,\N,\N
\SCLAIM_SCIPY_LEAST_SQUARES_LM_SUPPORTED_PROBLEM_CLASSES,\SI_SCIPY_LEAST_SQUARES_LM,\Ssupported_problem_classes,"\S""M_LEVENBERG_MARQUARDT""",\Sverified,\S2026-07-13,\N,\N,\SS003,\S2026-07-13,\S2026-07-13,\Shigh,\Sverified,\N,\N,\N
\SCLAIM_SCIPY_LEAST_SQUARES_TRF_CURRENT_RELEASE,\SI_SCIPY_LEAST_SQUARES_TRF,\Scurrent_release,"\S""SciPy 1.18.0""",\Sverified,\S2026-07-16,\N,\N,\SS003,\S2026-07-16,\S2026-07-16,\Shigh,\Sverified,\SSciPy 1.18.0,\N,\SSciPy 1.18.0
\SCLAIM_SCIPY_LEAST_SQUARES_TRF_GPU_DISTRIBUTED_SUPPORT,\SI_SCIPY_LEAST_SQUARES_TRF,\Sgpu_distributed_support,"\S""no""",\Sverified,\S2026-07-16,\N,\N,\SS003,\S2026-07-16,\S2026-07-16,\Shigh,\Sverified,\N,\N,\N
\SCLAIM_SCIPY_LEAST_SQUARES_TRF_IMPORTANT_OPTION_DEFAULTS,\SI_SCIPY_LEAST_SQUARES_TRF,\Simportant_option_defaults,"\S""least_squares: method=trf is the default; curve_fit: trf is selected when bounds are supplied and lm otherwise; tr_solver; jac_sparsity; x_scale; loss; ftol; xtol; gtol; max_nfev""",\Sverified,\S2026-07-16,\N,\N,\SS003,\S2026-07-16,\S2026-07-16,\Shigh,\Sverified,\N,\N,\N
\SCLAIM_SCIPY_LEAST_SQUARES_TRF_LICENSE_SPDX,\SI_SCIPY_LEAST_SQUARES_TRF,\Slicense_spdx,"\S""BSD-3-Clause""",\Sverified,\S2026-07-16,\N,\N,\SS003,\S2026-07-16,\S2026-07-16,\Shigh,\Sverified,\N,\N,\N
\SCLAIM_SCIPY_LEAST_SQUARES_TRF_MAINTENANCE_STATUS,\SI_SCIPY_LEAST_SQUARES_TRF,\Smaintenance_status,"\S""active_docs_verified""",\Sverified,\S2026-07-16,\N,\N,\SS003,\S2026-07-16,\S2026-07-16,\Shigh,\Sverified,\N,\N,\N
\SCLAIM_SCIPY_LEAST_SQUARES_TRF_PLATFORM_ARCHITECTURE,\SI_SCIPY_LEAST_SQUARES_TRF,\Splatform_architecture,"\S""cross_platform""",\Sverified,\S2026-07-16,\N,\N,\SS003,\S2026-07-16,\S2026-07-16,\Shigh,\Sverified,\N,\N,\N
\SCLAIM_SCIPY_LEAST_SQUARES_TRF_SUPPORTED_PROBLEM_CLASSES,\SI_SCIPY_LEAST_SQUARES_TRF,\Ssupported_problem_classes,"\S""M_TRUST_REGION_REFLECTIVE""",\Sverified,\S2026-07-16,\N,\N,\SS003,\S2026-07-16,\S2026-07-16,\Shigh,\Sverified,\N,\N,\N
\SCLAIM_SCIPY_LINPROG_HIGHS_CURRENT_RELEASE,\SI_SCIPY_LINPROG_HIGHS,\Scurrent_release,"\S""SciPy 1.18.0""",\Sverified,\S2026-01-01,\N,\N,\SS004,\S2026-07-13,\S2026-07-13,\Shigh,\Sverified,\SSciPy 1.18.0,\N,\SSciPy 1.18.0
\SCLAIM_SCIPY_LINPROG_HIGHS_CURRENT_RELEASE_2025,\SI_SCIPY_LINPROG_HIGHS,\Scurrent_release,"\S""SciPy 1.15.x""",\Sverified,\S2025-01-01,\S2025-12-31,\SCLAIM_SCIPY_LINPROG_HIGHS_CURRENT_RELEASE,\SS004,\S2026-07-13,\S2025-01-01,\Shigh,\Ssuperseded,\SSciPy 1.15.x,\N,\Sv1.15
\SCLAIM_SCIPY_LINPROG_HIGHS_GPU_DISTRIBUTED_SUPPORT,\SI_SCIPY_LINPROG_HIGHS,\Sgpu_distributed_support,"\S""no""",\Sverified,\S2026-07-13,\N,\N,\SS004,\S2026-07-13,\S2026-07-13,\Shigh,\Sverified,\N,\N,\N
\SCLAIM_SCIPY_LINPROG_HIGHS_IMPORTANT_OPTION_DEFAULTS,\SI_SCIPY_LINPROG_HIGHS,\Simportant_option_defaults,"\S""tolerances;limits;scaling;verbosity;method_specific_options""",\Sverified,\S2026-07-13,\N,\N,\SS004,\S2026-07-13,\S2026-07-13,\Shigh,\Sverified,\N,\N,\N
\SCLAIM_SCIPY_LINPROG_HIGHS_LICENSE_SPDX,\SI_SCIPY_LINPROG_HIGHS,\Slicense_spdx,"\S""BSD-3-Clause + MIT backend""",\Sverified,\S2026-07-13,\N,\N,\SS004,\S2026-07-13,\S2026-07-13,\Shigh,\Sverified,\N,\N,\N
\SCLAIM_SCIPY_LINPROG_HIGHS_MAINTENANCE_STATUS,\SI_SCIPY_LINPROG_HIGHS,\Smaintenance_status,"\S""active_docs_verified""",\Sverified,\S2026-07-13,\N,\N,\SS004,\S2026-07-13,\S2026-07-13,\Shigh,\Sverified,\N,\N,\N
\SCLAIM_SCIPY_LINPROG_HIGHS_PLATFORM_ARCHITECTURE,\SI_SCIPY_LINPROG_HIGHS,\Splatform_architecture,"\S""cross_platform""",\Sverified,\S2026-07-13,\N,\N,\SS004,\S2026-07-13,\S2026-07-13,\Shigh,\Sverified,\N,\N,\N
\SCLAIM_SCIPY_LINPROG_HIGHS_SUPPORTED_PROBLEM_CLASSES,\SI_SCIPY_LINPROG_HIGHS,\Ssupported_problem_classes,"\S""M_SIMPLEX;M_DUAL_SIMPLEX;M_BARRIER_LP_QP""",\Sverified,\S2026-07-13,\N,\N,\SS004,\S2026-07-13,\S2026-07-13,\Shigh,\Sverified,\N,\N,\N
\SCLAIM_SCIPY_MILP_HIGHS_CURRENT_RELEASE,\SI_SCIPY_MILP_HIGHS,\Scurrent_release,"\S""SciPy 1.18.0""",\Sverified,\S2026-07-13,\N,\N,\SS005,\S2026-07-13,\S2026-07-13,\Shigh,\Sverified,\SSciPy 1.18.0,\N,\SSciPy 1.18.0
\SCLAIM_SCIPY_MILP_HIGHS_GPU_DISTRIBUTED_SUPPORT,\SI_SCIPY_MILP_HIGHS,\Sgpu_distributed_support,"\S""no""",\Sverified,\S2026-07-13,\N,\N,\SS005,\S2026-07-13,\S2026-07-13,\Shigh,\Sverified,\N,\N,\N
\SCLAIM_SCIPY_MILP_HIGHS_IMPORTANT_OPTION_DEFAULTS,\SI_SCIPY_MILP_HIGHS,\Simportant_option_defaults,"\S""tolerances;limits;scaling;verbosity;method_specific_options""",\Sverified,\S2026-07-13,\N,\N,\SS005,\S2026-07-13,\S2026-07-13,\Shigh,\Sverified,\N,\N,\N
\SCLAIM_SCIPY_MILP_HIGHS_LICENSE_SPDX,\SI_SCIPY_MILP_HIGHS,\Slicense_spdx,"\S""BSD-3-Clause + MIT backend""",\Sverified,\S2026-07-13,\N,\N,\SS005,\S2026-07-13,\S2026-07-13,\Shigh,\Sverified,\N,\N,\N
\SCLAIM_SCIPY_MILP_HIGHS_MAINTENANCE_STATUS,\SI_SCIPY_MILP_HIGHS,\Smaintenance_status,"\S""active_docs_verified""",\Sverified,\S2026-07-13,\N,\N,\SS005,\S2026-07-13,\S2026-07-13,\Shigh,\Sverified,\N,\N,\N
\SCLAIM_SCIPY_MILP_HIGHS_PLATFORM_ARCHITECTURE,\SI_SCIPY_MILP_HIGHS,\Splatform_architecture,"\S""cross_platform""",\Sverified,\S2026-07-13,\N,\N,\SS005,\S2026-07-13,\S2026-07-13,\Shigh,\Sverified,\N,\N,\N
\SCLAIM_SCIPY_MILP_HIGHS_SUPPORTED_PROBLEM_CLASSES,\SI_SCIPY_MILP_HIGHS,\Ssupported_problem_classes,"\S""M_BRANCH_CUT;M_BRANCH_BOUND""",\Sverified,\S2026-07-13,\N,\N,\SS005,\S2026-07-13,\S2026-07-13,\Shigh,\Sverified,\N,\N,\N
\SCLAIM_SCIPY_NELDER_MEAD_CURRENT_RELEASE,\SI_SCIPY_NELDER_MEAD,\Scurrent_release,"\S""SciPy 1.18.0""",\Sverified,\S2026-07-13,\N,\N,\SS001,\S2026-07-13,\S2026-07-13,\Shigh,\Sverified,\SSciPy 1.18.0,\N,\SSciPy 1.18.0
\SCLAIM_SCIPY_NELDER_MEAD_GPU_DISTRIBUTED_SUPPORT,\SI_SCIPY_NELDER_MEAD,\Sgpu_distributed_support,"\S""no""",\Sverified,\S2026-07-13,\N,\N,\SS001,\S2026-07-13,\S2026-07-13,\Shigh,\Sverified,\N,\N,\N
\SCLAIM_SCIPY_NELDER_MEAD_IMPORTANT_OPTION_DEFAULTS,\SI_SCIPY_NELDER_MEAD,\Simportant_option_defaults,"\S""tolerances;limits;scaling;verbosity;method_specific_options""",\Sverified,\S2026-07-13,\N,\N,\SS001,\S2026-07-13,\S2026-07-13,\Shigh,\Sverified,\N,\N,\N
\SCLAIM_SCIPY_NELDER_MEAD_LICENSE_SPDX,\SI_SCIPY_NELDER_MEAD,\Slicense_spdx,"\S""BSD-3-Clause""",\Sverified,\S2026-07-13,\N,\N,\SS001,\S2026-07-13,\S2026-07-13,\Shigh,\Sverified,\N,\N,\N
\SCLAIM_SCIPY_NELDER_MEAD_MAINTENANCE_STATUS,\SI_SCIPY_NELDER_MEAD,\Smaintenance_status,"\S""active_docs_verified""",\Sverified,\S2026-07-13,\N,\N,\SS001,\S2026-07-13,\S2026-07-13,\Shigh,\Sverified,\N,\N,\N
\SCLAIM_SCIPY_NELDER_MEAD_PLATFORM_ARCHITECTURE,\SI_SCIPY_NELDER_MEAD,\Splatform_architecture,"\S""cross_platform""",\Sverified,\S2026-07-13,\N,\N,\SS001,\S2026-07-13,\S2026-07-13,\Shigh,\Sverified,\N,\N,\N
\SCLAIM_SCIPY_NELDER_MEAD_SUPPORTED_PROBLEM_CLASSES,\SI_SCIPY_NELDER_MEAD,\Ssupported_problem_classes,"\S""M_NELDER_MEAD""",\Sverified,\S2026-07-13,\N,\N,\SS001,\S2026-07-13,\S2026-07-13,\Shigh,\Sverified,\N,\N,\N
\SCLAIM_SCIPY_POWELL_CURRENT_RELEASE,\SI_SCIPY_POWELL,\Scurrent_release,"\S""SciPy 1.18.0""",\Sverified,\S2026-07-13,\N,\N,\SS001,\S2026-07-13,\S2026-07-13,\Shigh,\Sverified,\SSciPy 1.18.0,\N,\SSciPy 1.18.0
\SCLAIM_SCIPY_POWELL_GPU_DISTRIBUTED_SUPPORT,\SI_SCIPY_POWELL,\Sgpu_distributed_support,"\S""no""",\Sverified,\S2026-07-13,\N,\N,\SS001,\S2026-07-13,\S2026-07-13,\Shigh,\Sverified,\N,\N,\N
\SCLAIM_SCIPY_POWELL_IMPORTANT_OPTION_DEFAULTS,\SI_SCIPY_POWELL,\Simportant_option_defaults,"\S""tolerances;limits;scaling;verbosity;method_specific_options""",\Sverified,\S2026-07-13,\N,\N,\SS001,\S2026-07-13,\S2026-07-13,\Shigh,\Sverified,\N,\N,\N
\SCLAIM_SCIPY_POWELL_LICENSE_SPDX,\SI_SCIPY_POWELL,\Slicense_spdx,"\S""BSD-3-Clause""",\Sverified,\S2026-07-13,\N,\N,\SS001,\S2026-07-13,\S2026-07-13,\Shigh,\Sverified,\N,\N,\N
\SCLAIM_SCIPY_POWELL_MAINTENANCE_STATUS,\SI_SCIPY_POWELL,\Smaintenance_status,"\S""active_docs_verified""",\Sverified,\S2026-07-13,\N,\N,\SS001,\S2026-07-13,\S2026-07-13,\Shigh,\Sverified,\N,\N,\N
\SCLAIM_SCIPY_POWELL_PLATFORM_ARCHITECTURE,\SI_SCIPY_POWELL,\Splatform_architecture,"\S""cross_platform""",\Sverified,\S2026-07-13,\N,\N,\SS001,\S2026-07-13,\S2026-07-13,\Shigh,\Sverified,\N,\N,\N
\SCLAIM_SCIPY_POWELL_SUPPORTED_PROBLEM_CLASSES,\SI_SCIPY_POWELL,\Ssupported_problem_classes,"\S""M_POWELL""",\Sverified,\S2026-07-13,\N,\N,\SS001,\S2026-07-13,\S2026-07-13,\Shigh,\Sverified,\N,\N,\N
\SCLAIM_SCIPY_SHGO_CURRENT_RELEASE,\SI_SCIPY_SHGO,\Scurrent_release,"\S""SciPy 1.18.0""",\Sverified,\S2026-07-13,\N,\N,\SS007,\S2026-07-13,\S2026-07-13,\Shigh,\Sverified,\SSciPy 1.18.0,\N,\SSciPy 1.18.0
\SCLAIM_SCIPY_SHGO_GPU_DISTRIBUTED_SUPPORT,\SI_SCIPY_SHGO,\Sgpu_distributed_support,"\S""no""",\Sverified,\S2026-07-13,\N,\N,\SS007,\S2026-07-13,\S2026-07-13,\Shigh,\Sverified,\N,\N,\N
\SCLAIM_SCIPY_SHGO_IMPORTANT_OPTION_DEFAULTS,\SI_SCIPY_SHGO,\Simportant_option_defaults,"\S""tolerances;limits;scaling;verbosity;method_specific_options""",\Sverified,\S2026-07-13,\N,\N,\SS007,\S2026-07-13,\S2026-07-13,\Shigh,\Sverified,\N,\N,\N
\SCLAIM_SCIPY_SHGO_LICENSE_SPDX,\SI_SCIPY_SHGO,\Slicense_spdx,"\S""BSD-3-Clause""",\Sverified,\S2026-07-13,\N,\N,\SS007,\S2026-07-13,\S2026-07-13,\Shigh,\Sverified,\N,\N,\N
\SCLAIM_SCIPY_SHGO_MAINTENANCE_STATUS,\SI_SCIPY_SHGO,\Smaintenance_status,"\S""active_docs_verified""",\Sverified,\S2026-07-13,\N,\N,\SS007,\S2026-07-13,\S2026-07-13,\Shigh,\Sverified,\N,\N,\N
\SCLAIM_SCIPY_SHGO_PLATFORM_ARCHITECTURE,\SI_SCIPY_SHGO,\Splatform_architecture,"\S""cross_platform""",\Sverified,\S2026-07-13,\N,\N,\SS007,\S2026-07-13,\S2026-07-13,\Shigh,\Sverified,\N,\N,\N
\SCLAIM_SCIPY_SHGO_SUPPORTED_PROBLEM_CLASSES,\SI_SCIPY_SHGO,\Ssupported_problem_classes,"\S""M_SHGO""",\Sverified,\S2026-07-13,\N,\N,\SS007,\S2026-07-13,\S2026-07-13,\Shigh,\Sverified,\N,\N,\N
\SCLAIM_SCIPY_SLSQP_CURRENT_RELEASE,\SI_SCIPY_SLSQP,\Scurrent_release,"\S""SciPy 1.18.0""",\Sverified,\S2026-07-13,\N,\N,\SS001,\S2026-07-13,\S2026-07-13,\Shigh,\Sverified,\SSciPy 1.18.0,\N,\SSciPy 1.18.0
\SCLAIM_SCIPY_SLSQP_GPU_DISTRIBUTED_SUPPORT,\SI_SCIPY_SLSQP,\Sgpu_distributed_support,"\S""no""",\Sverified,\S2026-07-13,\N,\N,\SS001,\S2026-07-13,\S2026-07-13,\Shigh,\Sverified,\N,\N,\N
\SCLAIM_SCIPY_SLSQP_IMPORTANT_OPTION_DEFAULTS,\SI_SCIPY_SLSQP,\Simportant_option_defaults,"\S""tolerances;limits;scaling;verbosity;method_specific_options""",\Sverified,\S2026-07-13,\N,\N,\SS001,\S2026-07-13,\S2026-07-13,\Shigh,\Sverified,\N,\N,\N
\SCLAIM_SCIPY_SLSQP_LICENSE_SPDX,\SI_SCIPY_SLSQP,\Slicense_spdx,"\S""BSD-3-Clause""",\Sverified,\S2026-07-13,\N,\N,\SS001,\S2026-07-13,\S2026-07-13,\Shigh,\Sverified,\N,\N,\N
\SCLAIM_SCIPY_SLSQP_MAINTENANCE_STATUS,\SI_SCIPY_SLSQP,\Smaintenance_status,"\S""active_docs_verified""",\Sverified,\S2026-07-13,\N,\N,\SS001,\S2026-07-13,\S2026-07-13,\Shigh,\Sverified,\N,\N,\N
\SCLAIM_SCIPY_SLSQP_PLATFORM_ARCHITECTURE,\SI_SCIPY_SLSQP,\Splatform_architecture,"\S""cross_platform""",\Sverified,\S2026-07-13,\N,\N,\SS001,\S2026-07-13,\S2026-07-13,\Shigh,\Sverified,\N,\N,\N
\SCLAIM_SCIPY_SLSQP_SUPPORTED_PROBLEM_CLASSES,\SI_SCIPY_SLSQP,\Ssupported_problem_classes,"\S""M_SLSQP""",\Sverified,\S2026-07-13,\N,\N,\SS001,\S2026-07-13,\S2026-07-13,\Shigh,\Sverified,\N,\N,\N
\SCLAIM_SCIPY_TRUST_CONSTR_CURRENT_RELEASE,\SI_SCIPY_TRUST_CONSTR,\Scurrent_release,"\S""SciPy 1.18.0""",\Sverified,\S2026-07-13,\N,\N,\SS001,\S2026-07-13,\S2026-07-13,\Shigh,\Sverified,\SSciPy 1.18.0,\N,\SSciPy 1.18.0
\SCLAIM_SCIPY_TRUST_CONSTR_GPU_DISTRIBUTED_SUPPORT,\SI_SCIPY_TRUST_CONSTR,\Sgpu_distributed_support,"\S""no""",\Sverified,\S2026-07-13,\N,\N,\SS001,\S2026-07-13,\S2026-07-13,\Shigh,\Sverified,\N,\N,\N
\SCLAIM_SCIPY_TRUST_CONSTR_IMPORTANT_OPTION_DEFAULTS,\SI_SCIPY_TRUST_CONSTR,\Simportant_option_defaults,"\S""tolerances;limits;scaling;verbosity;method_specific_options""",\Sverified,\S2026-07-13,\N,\N,\SS001,\S2026-07-13,\S2026-07-13,\Shigh,\Sverified,\N,\N,\N
\SCLAIM_SCIPY_TRUST_CONSTR_LICENSE_SPDX,\SI_SCIPY_TRUST_CONSTR,\Slicense_spdx,"\S""BSD-3-Clause""",\Sverified,\S2026-07-13,\N,\N,\SS001,\S2026-07-13,\S2026-07-13,\Shigh,\Sverified,\N,\N,\N
\SCLAIM_SCIPY_TRUST_CONSTR_MAINTENANCE_STATUS,\SI_SCIPY_TRUST_CONSTR,\Smaintenance_status,"\S""active_docs_verified""",\Sverified,\S2026-07-13,\N,\N,\SS001,\S2026-07-13,\S2026-07-13,\Shigh,\Sverified,\N,\N,\N
\SCLAIM_SCIPY_TRUST_CONSTR_PLATFORM_ARCHITECTURE,\SI_SCIPY_TRUST_CONSTR,\Splatform_architecture,"\S""cross_platform""",\Sverified,\S2026-07-13,\N,\N,\SS001,\S2026-07-13,\S2026-07-13,\Shigh,\Sverified,\N,\N,\N
\SCLAIM_SCIPY_TRUST_CONSTR_SUPPORTED_PROBLEM_CLASSES,\SI_SCIPY_TRUST_CONSTR,\Ssupported_problem_classes,"\S""M_INTERIOR_POINT_NLP;M_TRUST_KRYLOV;M_SQP""",\Sverified,\S2026-07-13,\N,\N,\SS001,\S2026-07-13,\S2026-07-13,\Shigh,\Sverified,\N,\N,\N
\SCLAIM_SCIP_CURRENT_RELEASE,\SI_SCIP,\Scurrent_release,"\S""10.0.0""",\Sverified,\S2026-07-13,\N,\N,\SS021,\S2026-07-13,\S2026-07-13,\Shigh,\Sverified,\S10.0.0,\N,\S10.0.0
\SCLAIM_SCIP_GPU_DISTRIBUTED_SUPPORT,\SI_SCIP,\Sgpu_distributed_support,"\S""no""",\Sverified,\S2026-07-13,\N,\N,\SS021,\S2026-07-13,\S2026-07-13,\Shigh,\Sverified,\N,\N,\N
\SCLAIM_SCIP_IMPORTANT_OPTION_DEFAULTS,\SI_SCIP,\Simportant_option_defaults,"\S""tolerances;limits;scaling;verbosity;method_specific_options""",\Sverified,\S2026-07-13,\N,\N,\SS021,\S2026-07-13,\S2026-07-13,\Shigh,\Sverified,\N,\N,\N
\SCLAIM_SCIP_LICENSE_SPDX,\SI_SCIP,\Slicense_spdx,"\S""Apache-2.0""",\Sverified,\S2026-07-13,\N,\N,\SS021,\S2026-07-13,\S2026-07-13,\Shigh,\Sverified,\N,\N,\N
\SCLAIM_SCIP_MAINTENANCE_STATUS,\SI_SCIP,\Smaintenance_status,"\S""active_docs_verified""",\Sverified,\S2026-07-13,\N,\N,\SS021,\S2026-07-13,\S2026-07-13,\Shigh,\Sverified,\N,\N,\N
\SCLAIM_SCIP_PLATFORM_ARCHITECTURE,\SI_SCIP,\Splatform_architecture,"\S""cross_platform""",\Sverified,\S2026-07-13,\N,\N,\SS021,\S2026-07-13,\S2026-07-13,\Shigh,\Sverified,\N,\N,\N
\SCLAIM_SCIP_SUPPORTED_PROBLEM_CLASSES,\SI_SCIP,\Ssupported_problem_classes,"\S""M_BRANCH_CUT;M_SPATIAL_BRANCH_BOUND;M_OUTER_APPROX_MINLP""",\Sverified,\S2026-07-13,\N,\N,\SS021,\S2026-07-13,\S2026-07-13,\Shigh,\Sverified,\N,\N,\N
\SCLAIM_SCS_CURRENT_RELEASE,\SI_SCS,\Scurrent_release,"\S""3.2.11 (docs observed)""",\Sverified,\S2026-07-13,\N,\N,\SS013,\S2026-07-13,\S2026-07-13,\Shigh,\Sverified,\S3.2.11 (docs observed),\N,\S3.2.11 (docs observed)
\SCLAIM_SCS_GPU_DISTRIBUTED_SUPPORT,\SI_SCS,\Sgpu_distributed_support,"\S""optional_indirect_backend_by_build""",\Sverified,\S2026-07-13,\N,\N,\SS013,\S2026-07-13,\S2026-07-13,\Shigh,\Sverified,\N,\N,\N
\SCLAIM_SCS_IMPORTANT_OPTION_DEFAULTS,\SI_SCS,\Simportant_option_defaults,"\S""tolerances;limits;scaling;verbosity;method_specific_options""",\Sverified,\S2026-07-13,\N,\N,\SS013,\S2026-07-13,\S2026-07-13,\Shigh,\Sverified,\N,\N,\N
\SCLAIM_SCS_LICENSE_SPDX,\SI_SCS,\Slicense_spdx,"\S""MIT""",\Sverified,\S2026-07-13,\N,\N,\SS013,\S2026-07-13,\S2026-07-13,\Shigh,\Sverified,\N,\N,\N
\SCLAIM_SCS_MAINTENANCE_STATUS,\SI_SCS,\Smaintenance_status,"\S""active_docs_verified""",\Sverified,\S2026-07-13,\N,\N,\SS013,\S2026-07-13,\S2026-07-13,\Shigh,\Sverified,\N,\N,\N
\SCLAIM_SCS_PLATFORM_ARCHITECTURE,\SI_SCS,\Splatform_architecture,"\S""cross_platform""",\Sverified,\S2026-07-13,\N,\N,\SS013,\S2026-07-13,\S2026-07-13,\Shigh,\Sverified,\N,\N,\N
\SCLAIM_SCS_SUPPORTED_PROBLEM_CLASSES,\SI_SCS,\Ssupported_problem_classes,"\S""M_ADMM;M_PRIMAL_DUAL_CONIC""",\Sverified,\S2026-07-13,\N,\N,\SS013,\S2026-07-13,\S2026-07-13,\Shigh,\Sverified,\N,\N,\N
\SCLAIM_SMAC3_CURRENT_RELEASE,\SI_SMAC3,\Scurrent_release,"\S{""status"":""unknown""}",\Sexplicit_unknown,\S2026-07-13,\N,\N,\SS037,\S2026-07-13,\S2026-07-13,\Shigh,\Ssource_pending,\N,\N,\N
\SCLAIM_SMAC3_GPU_DISTRIBUTED_SUPPORT,\SI_SMAC3,\Sgpu_distributed_support,"\S""no""",\Sverified,\S2026-07-13,\N,\N,\SS037,\S2026-07-13,\S2026-07-13,\Shigh,\Sverified,\N,\N,\N
\SCLAIM_SMAC3_IMPORTANT_OPTION_DEFAULTS,\SI_SMAC3,\Simportant_option_defaults,"\S""tolerances;limits;scaling;verbosity;method_specific_options""",\Sverified,\S2026-07-13,\N,\N,\SS037,\S2026-07-13,\S2026-07-13,\Shigh,\Sverified,\N,\N,\N
\SCLAIM_SMAC3_LICENSE_SPDX,\SI_SMAC3,\Slicense_spdx,"\S""BSD-3-Clause""",\Sverified,\S2026-07-13,\N,\N,\SS037,\S2026-07-13,\S2026-07-13,\Shigh,\Sverified,\N,\N,\N
\SCLAIM_SMAC3_MAINTENANCE_STATUS,\SI_SMAC3,\Smaintenance_status,"\S""active_docs_verified""",\Sverified,\S2026-07-13,\N,\N,\SS037,\S2026-07-13,\S2026-07-13,\Shigh,\Sverified,\N,\N,\N
\SCLAIM_SMAC3_PLATFORM_ARCHITECTURE,\SI_SMAC3,\Splatform_architecture,"\S""cross_platform""",\Sverified,\S2026-07-13,\N,\N,\SS037,\S2026-07-13,\S2026-07-13,\Shigh,\Sverified,\N,\N,\N
\SCLAIM_SMAC3_SUPPORTED_PROBLEM_CLASSES,\SI_SMAC3,\Ssupported_problem_classes,"\S""M_SMAC_RF;M_RANDOM_SEARCH""",\Sverified,\S2026-07-13,\N,\N,\SS037,\S2026-07-13,\S2026-07-13,\Shigh,\Sverified,\N,\N,\N
\SCLAIM_SNOPT_CURRENT_RELEASE,\SI_SNOPT,\Scurrent_release,"\S{""status"":""unknown""}",\Sexplicit_unknown,\S2026-07-13,\N,\N,\SS030,\S2026-07-13,\S2026-07-13,\Shigh,\Ssource_pending,\N,\N,\N
\SCLAIM_SNOPT_GPU_DISTRIBUTED_SUPPORT,\SI_SNOPT,\Sgpu_distributed_support,"\S""no""",\Sverified,\S2026-07-13,\N,\N,\SS030,\S2026-07-13,\S2026-07-13,\Shigh,\Sverified,\N,\N,\N
\SCLAIM_SNOPT_IMPORTANT_OPTION_DEFAULTS,\SI_SNOPT,\Simportant_option_defaults,"\S""tolerances;limits;scaling;verbosity;method_specific_options""",\Sverified,\S2026-07-13,\N,\N,\SS030,\S2026-07-13,\S2026-07-13,\Shigh,\Sverified,\N,\N,\N
\SCLAIM_SNOPT_LICENSE_SPDX,\SI_SNOPT,\Slicense_spdx,"\S""Proprietary""",\Sverified,\S2026-07-13,\N,\N,\SS030,\S2026-07-13,\S2026-07-13,\Shigh,\Sverified,\N,\N,\N
\SCLAIM_SNOPT_MAINTENANCE_STATUS,\SI_SNOPT,\Smaintenance_status,"\S""active_docs_verified""",\Sverified,\S2026-07-13,\N,\N,\SS030,\S2026-07-13,\S2026-07-13,\Shigh,\Sverified,\N,\N,\N
\SCLAIM_SNOPT_PLATFORM_ARCHITECTURE,\SI_SNOPT,\Splatform_architecture,"\S""cross_platform""",\Sverified,\S2026-07-13,\N,\N,\SS030,\S2026-07-13,\S2026-07-13,\Shigh,\Sverified,\N,\N,\N
\SCLAIM_SNOPT_SUPPORTED_PROBLEM_CLASSES,\SI_SNOPT,\Ssupported_problem_classes,"\S""M_SQP""",\Sverified,\S2026-07-13,\N,\N,\SS030,\S2026-07-13,\S2026-07-13,\Shigh,\Sverified,\N,\N,\N
\SCLAIM_TENSORFLOW_OPTIM_CURRENT_RELEASE,\SI_TENSORFLOW_OPTIM,\Scurrent_release,"\S{""status"":""unknown""}",\Sexplicit_unknown,\S2026-07-13,\N,\N,\SS049,\S2026-07-13,\S2026-07-13,\Shigh,\Ssource_pending,\N,\N,\N
\SCLAIM_TENSORFLOW_OPTIM_GPU_DISTRIBUTED_SUPPORT,\SI_TENSORFLOW_OPTIM,\Sgpu_distributed_support,"\S""yes""",\Sverified,\S2026-07-13,\N,\N,\SS049,\S2026-07-13,\S2026-07-13,\Shigh,\Sverified,\N,\N,\N
\SCLAIM_TENSORFLOW_OPTIM_IMPORTANT_OPTION_DEFAULTS,\SI_TENSORFLOW_OPTIM,\Simportant_option_defaults,"\S""tolerances;limits;scaling;verbosity;method_specific_options""",\Sverified,\S2026-07-13,\N,\N,\SS049,\S2026-07-13,\S2026-07-13,\Shigh,\Sverified,\N,\N,\N
\SCLAIM_TENSORFLOW_OPTIM_LICENSE_SPDX,\SI_TENSORFLOW_OPTIM,\Slicense_spdx,"\S""Apache-2.0""",\Sverified,\S2026-07-13,\N,\N,\SS049,\S2026-07-13,\S2026-07-13,\Shigh,\Sverified,\N,\N,\N
\SCLAIM_TENSORFLOW_OPTIM_MAINTENANCE_STATUS,\SI_TENSORFLOW_OPTIM,\Smaintenance_status,"\S""active_docs_verified""",\Sverified,\S2026-07-13,\N,\N,\SS049,\S2026-07-13,\S2026-07-13,\Shigh,\Sverified,\N,\N,\N
\SCLAIM_TENSORFLOW_OPTIM_PLATFORM_ARCHITECTURE,\SI_TENSORFLOW_OPTIM,\Splatform_architecture,"\S""cross_platform""",\Sverified,\S2026-07-13,\N,\N,\SS049,\S2026-07-13,\S2026-07-13,\Shigh,\Sverified,\N,\N,\N
\SCLAIM_TENSORFLOW_OPTIM_SUPPORTED_PROBLEM_CLASSES,\SI_TENSORFLOW_OPTIM,\Ssupported_problem_classes,"\S""M_SGD;M_MOMENTUM_SGD;M_ADAM;M_ADAMW""",\Sverified,\S2026-07-13,\N,\N,\SS049,\S2026-07-13,\S2026-07-13,\Shigh,\Sverified,\N,\N,\N
