implementation_id,library_name,solver_name,api_name,method_selector,language,license,commercial_model,free_use_conditions,open_source,os_support,problem_formats,variable_support,constraint_support,analytic_derivatives,autodiff,numerical_diff,sparse_support,parallelism,gpu_support,warm_start,callback,termination_controls,initialization,constraint_violation_reporting,optimality_info,dual_variables,optimality_gap,sensitivity_info,status_codes,major_options,default_safety,documentation_quality,beginner_usability,maintenance_status,last_release,last_verified,official_docs_url,official_repo_url,usage_example,notes,supported_method_ids,implementation_differences,source_ids,confidence
I_SCIPY_BFGS,SciPy,BFGS,scipy.optimize.minimize,BFGS,Python,BSD-3-Clause,open_source,Open-source license terms apply.,yes,cross_platform,smooth unconstrained,continuous,unconstrained,yes,no,yes,no,limited,no,via_initial_guess,implementation_dependent,tolerance;iteration_limit;time_or_evaluation_limit_by_api,initial_guess_or_model_dependent,yes,yes,no,no,no,yes,tolerances;limits;scaling;verbosity;method_specific_options,conditional,high,high,active_docs_verified,SciPy 1.18.0,2026-07-13,https://docs.scipy.org/doc/scipy/reference/optimize.html,https://github.com/scipy/scipy,"scipy.optimize.minimize(..., method='BFGS')",APIが受け付けることと実務適合性を区別する。methodごとに制約・微分・statusが異なる。,M_BFGS,,S001;S002;S082,high
I_SCIPY_LBFGSB,SciPy,L-BFGS-B,scipy.optimize.minimize,L-BFGS-B,Python,BSD-3-Clause,open_source,Open-source license terms apply.,yes,cross_platform,smooth bound-constrained,continuous,bounds,yes,no,yes,implicit_low_memory,implementation_dependent,no,via_initial_guess,implementation_dependent,tolerance;iteration_limit;time_or_evaluation_limit_by_api,initial_guess_or_model_dependent,yes,yes,no,no,no,yes,tolerances;limits;scaling;verbosity;method_specific_options,conditional,high,high,active_docs_verified,SciPy 1.18.0,2026-07-13,https://docs.scipy.org/doc/scipy/reference/optimize.html,https://github.com/scipy/scipy,"scipy.optimize.minimize(..., method='L-BFGS-B')",高次元bounds付きの有力候補。変数scale、finite-difference step、projected gradientを確認。,M_LBFGSB,,S001;S002;S065;S082,high
I_SCIPY_TRUST_CONSTR,SciPy,trust-constr,scipy.optimize.minimize,trust-constr,Python,BSD-3-Clause,open_source,Open-source license terms apply.,yes,cross_platform,smooth constrained NLP,continuous,bounds;linear;nonlinear,yes,no,yes,yes,implementation_dependent,no,via_initial_guess,implementation_dependent,tolerance;iteration_limit;time_or_evaluation_limit_by_api,initial_guess_or_model_dependent,yes,yes,yes,no,no,yes,tolerances;limits;scaling;verbosity;method_specific_options,conditional,high,medium,active_docs_verified,SciPy 1.18.0,2026-07-13,https://docs.scipy.org/doc/scipy/reference/optimize.html,https://github.com/scipy/scipy,"scipy.optimize.minimize(..., method='trust-constr')",非線形制約でJacobian/Hessian/HVP・sparse構造を指定可能。微分整合性とconstraint scalingが重要。,M_INTERIOR_POINT_NLP;M_TRUST_KRYLOV;M_SQP,,S001;S002;S082,high
I_SCIPY_SLSQP,SciPy,SLSQP,scipy.optimize.minimize,SLSQP,Python,BSD-3-Clause,open_source,Open-source license terms apply.,yes,cross_platform,small/medium smooth constrained NLP,continuous,bounds;linear;nonlinear,yes,no,yes,no,implementation_dependent,no,via_initial_guess,implementation_dependent,tolerance;iteration_limit;time_or_evaluation_limit_by_api,initial_guess_or_model_dependent,yes,yes,partial,no,no,yes,tolerances;limits;scaling;verbosity;method_specific_options,conditional,high,high,active_docs_verified,SciPy 1.18.0,2026-07-13,https://docs.scipy.org/doc/scipy/reference/optimize.html,https://github.com/scipy/scipy,"scipy.optimize.minimize(..., method='SLSQP')",中小規模の便利な候補だが、status成功だけでなく最終constraint violationを再計算する。,M_SLSQP,,S001;S002;S064;S082,high
I_SCIPY_NELDER_MEAD,SciPy,Nelder-Mead,scipy.optimize.minimize,Nelder-Mead,Python,BSD-3-Clause,open_source,Open-source license terms apply.,yes,cross_platform,local derivative-free,continuous,unconstrained;bounds_clipping,no,no,no,no,implementation_dependent,no,implementation_dependent,implementation_dependent,tolerance;iteration_limit;time_or_evaluation_limit_by_api,initial_guess_or_model_dependent,yes,yes,no,no,no,yes,tolerances;limits;scaling;verbosity;method_specific_options,conditional,high,high,active_docs_verified,SciPy 1.18.0,2026-07-13,https://docs.scipy.org/doc/scipy/reference/optimize.html,https://github.com/scipy/scipy,"scipy.optimize.minimize(..., method='Nelder-Mead')",低次元・安価評価向け。boundsは厳密な制約最適化と同等ではなく、単体退化とscaleに注意。,M_NELDER_MEAD,,S001;S002;S063;S082,high
I_SCIPY_POWELL,SciPy,Powell,scipy.optimize.minimize,Powell,Python,BSD-3-Clause,open_source,Open-source license terms apply.,yes,cross_platform,local derivative-free,continuous,unconstrained;bounds,no,no,no,no,implementation_dependent,no,implementation_dependent,implementation_dependent,tolerance;iteration_limit;time_or_evaluation_limit_by_api,initial_guess_or_model_dependent,yes,yes,no,no,no,yes,tolerances;limits;scaling;verbosity;method_specific_options,conditional,high,high,active_docs_verified,SciPy 1.18.0,2026-07-13,https://docs.scipy.org/doc/scipy/reference/optimize.html,https://github.com/scipy/scipy,"scipy.optimize.minimize(..., method='Powell')",,M_POWELL,,S001;S002;S082,high
I_SCIPY_COBYLA,SciPy,COBYLA,scipy.optimize.minimize,COBYLA,Python,BSD-3-Clause,open_source,Open-source license terms apply.,yes,cross_platform,derivative-free constrained local,continuous,nonlinear inequalities;bounds,no,no,no,no,implementation_dependent,no,implementation_dependent,implementation_dependent,tolerance;iteration_limit;time_or_evaluation_limit_by_api,initial_guess_or_model_dependent,yes,yes,no,no,no,yes,tolerances;limits;scaling;verbosity;method_specific_options,conditional,high,medium,active_docs_verified,SciPy 1.18.0,2026-07-13,https://docs.scipy.org/doc/scipy/reference/optimize.html,https://github.com/scipy/scipy,"scipy.optimize.minimize(..., method='COBYLA')",equalitiesは通常二つのinequality等へ変換が必要。constraint toleranceと最終可行性を確認。,M_COBYLA,,S001;S002;S082,high
I_SCIPY_COBYQA,SciPy,COBYQA,scipy.optimize.minimize,COBYQA,Python,BSD-3-Clause,open_source,Open-source license terms apply.,yes,cross_platform,derivative-free constrained local,continuous,bounds;linear;nonlinear,no,no,no,no,implementation_dependent,no,implementation_dependent,implementation_dependent,tolerance;iteration_limit;time_or_evaluation_limit_by_api,initial_guess_or_model_dependent,yes,yes,no,no,no,yes,tolerances;limits;scaling;verbosity;method_specific_options,conditional,high,medium,active_docs_verified,SciPy 1.18.0,2026-07-13,https://docs.scipy.org/doc/scipy/reference/optimize.html,https://github.com/scipy/scipy,"scipy.optimize.minimize(..., method='COBYQA')",quadratic interpolation geometryと評価予算に注意。,M_COBYQA,,S001;S002;S082,high
I_SCIPY_LEAST_SQUARES_TRF,SciPy,Trust Region Reflective,scipy.optimize.least_squares,trf,Python,BSD-3-Clause,open_source,Open-source license terms apply.,yes,cross_platform,nonlinear least squares,continuous,bounds,yes,no,yes,yes,implementation_dependent,no,via_initial_guess,implementation_dependent,tolerance;iteration_limit;time_or_evaluation_limit_by_api,initial_guess_or_model_dependent,yes,yes,no,no,partial,yes,tolerances;limits;scaling;verbosity;method_specific_options,good_for_structure,high,high,active_docs_verified,SciPy 1.18.0,2026-07-13,https://docs.scipy.org/doc/scipy/reference/generated/scipy.optimize.least_squares.html,https://github.com/scipy/scipy,"scipy.optimize.least_squares(..., method='trf')",residual vectorとJacobian sparsityを直接渡す。robust lossも選択可能。,M_GAUSS_NEWTON;M_TRUST_KRYLOV,,S003;S082,high
I_SCIPY_LEAST_SQUARES_LM,SciPy,Levenberg-Marquardt,scipy.optimize.least_squares,lm,Python,BSD-3-Clause,open_source,Open-source license terms apply.,yes,cross_platform,small unconstrained nonlinear least squares,continuous,unconstrained,yes,no,yes,no,implementation_dependent,no,via_initial_guess,implementation_dependent,tolerance;iteration_limit;time_or_evaluation_limit_by_api,initial_guess_or_model_dependent,yes,yes,no,no,partial,yes,tolerances;limits;scaling;verbosity;method_specific_options,conditional,high,high,active_docs_verified,SciPy 1.18.0,2026-07-13,https://docs.scipy.org/doc/scipy/reference/generated/scipy.optimize.least_squares.html,https://github.com/scipy/scipy,"scipy.optimize.least_squares(..., method='lm')",bounds非対応。残差数・変数数、rank deficiency、Jacobian品質を確認。,M_LEVENBERG_MARQUARDT,,S003;S082,high
I_SCIPY_LINPROG_HIGHS,SciPy/HiGHS,HiGHS LP,scipy.optimize.linprog,highs;highs-ds;highs-ipm,Python,BSD-3-Clause + MIT backend,open_source,Open-source license terms apply.,yes,cross_platform,LP,continuous,bounds;linear equalities/inequalities,not_applicable,no,not_applicable,yes,backend_dependent,no,limited_api,implementation_dependent,tolerance;iteration_limit;time_or_evaluation_limit_by_api,initial_guess_or_model_dependent,yes,yes,yes,yes,partial,yes,tolerances;limits;scaling;verbosity;method_specific_options,good,high,high,active_docs_verified,SciPy 1.18.0,2026-07-13,https://docs.scipy.org/doc/scipy/reference/generated/scipy.optimize.linprog.html,https://github.com/scipy/scipy,"scipy.optimize.linprog(..., method='highs;highs-ds;highs-ipm')",LPは一般minimizeでなくlinprog/HiGHSを優先。marginals・status・residualを確認。 Bundled HiGHS backend version follows the SciPy distribution; do not equate it automatically with the latest standalone HiGHS.,M_SIMPLEX;M_DUAL_SIMPLEX;M_BARRIER_LP_QP,,S004;S016;S082,high
I_SCIPY_MILP_HIGHS,SciPy/HiGHS,HiGHS MIP,scipy.optimize.milp,HiGHS,Python,BSD-3-Clause + MIT backend,open_source,Open-source license terms apply.,yes,cross_platform,MILP,continuous;integer;binary,bounds;linear,not_applicable,no,not_applicable,yes,backend_dependent,no,limited_api,implementation_dependent,tolerance;iteration_limit;time_or_evaluation_limit_by_api,initial_guess_or_model_dependent,yes,yes,partial_relaxation,yes,no,yes,tolerances;limits;scaling;verbosity;method_specific_options,good,high,high,active_docs_verified,SciPy 1.18.0,2026-07-13,https://docs.scipy.org/doc/scipy/reference/generated/scipy.optimize.milp.html,https://github.com/scipy/scipy,"scipy.optimize.milp(..., method='HiGHS')",integrality・MIP gap・time/node limitを明示。Big-Mとrelaxation品質を診断。 Bundled HiGHS backend version follows the SciPy distribution; do not equate it automatically with the latest standalone HiGHS.,M_BRANCH_CUT;M_BRANCH_BOUND,,S005;S016;S082,high
I_SCIPY_DIFFERENTIAL_EVOLUTION,SciPy,Differential Evolution,scipy.optimize.differential_evolution,,Python,BSD-3-Clause,open_source,Open-source license terms apply.,yes,cross_platform,bounded global black-box,continuous;integrality option by version,bounds;constraints_by_api,no,no,no,no,yes_workers/vectorized,no,population_or_x0,implementation_dependent,tolerance;iteration_limit;time_or_evaluation_limit_by_api,initial_guess_or_model_dependent,yes,yes,no,no,no,yes,tolerances;limits;scaling;verbosity;method_specific_options,conditional,high,high,active_docs_verified,SciPy 1.18.0,2026-07-13,https://docs.scipy.org/doc/scipy/reference/generated/scipy.optimize.differential_evolution.html,https://github.com/scipy/scipy,scipy.optimize.differential_evolution(...),population × generationsが評価数。並列/seed/polish/constraint処理を記録。,M_DIFFERENTIAL_EVOLUTION,,S006;S082,high
I_SCIPY_SHGO,SciPy,SHGO,scipy.optimize.shgo,,Python,BSD-3-Clause,open_source,Open-source license terms apply.,yes,cross_platform,bounded low-dimensional global optimization,continuous,bounds;constraints,optional_local_solver,no,implementation_dependent,no,limited,no,implementation_dependent,implementation_dependent,tolerance;iteration_limit;time_or_evaluation_limit_by_api,initial_guess_or_model_dependent,yes,yes,no,method_specific,no,yes,tolerances;limits;scaling;verbosity;method_specific_options,conditional,high,medium,active_docs_verified,SciPy 1.18.0,2026-07-13,https://docs.scipy.org/doc/scipy/reference/generated/scipy.optimize.shgo.html,https://github.com/scipy/scipy,scipy.optimize.shgo(...),,M_SHGO,,S007;S072;S082,high
I_SCIPY_DIRECT,SciPy,DIRECT,scipy.optimize.direct,,Python,BSD-3-Clause,open_source,Open-source license terms apply.,yes,cross_platform,bounded deterministic global black-box,continuous,bounds,no,no,no,no,limited,no,implementation_dependent,implementation_dependent,tolerance;iteration_limit;time_or_evaluation_limit_by_api,initial_guess_or_model_dependent,yes,yes,no,no,no,yes,tolerances;limits;scaling;verbosity;method_specific_options,conditional,high,medium,active_docs_verified,SciPy 1.18.0,2026-07-13,https://docs.scipy.org/doc/scipy/reference/generated/scipy.optimize.direct.html,https://github.com/scipy/scipy,scipy.optimize.direct(...),,M_DIRECT,,S008;S073;S082,high
I_SCIPY_DUAL_ANNEALING,SciPy,Dual Annealing,scipy.optimize.dual_annealing,,Python,BSD-3-Clause,open_source,Open-source license terms apply.,yes,cross_platform,bounded stochastic global black-box,continuous,bounds,optional_local_solver,no,implementation_dependent,no,limited,no,implementation_dependent,implementation_dependent,tolerance;iteration_limit;time_or_evaluation_limit_by_api,initial_guess_or_model_dependent,yes,yes,no,no,no,yes,tolerances;limits;scaling;verbosity;method_specific_options,conditional,high,medium,active_docs_verified,SciPy 1.18.0,2026-07-13,https://docs.scipy.org/doc/scipy/reference/generated/scipy.optimize.dual_annealing.html,https://github.com/scipy/scipy,scipy.optimize.dual_annealing(...),,M_SIMULATED_ANNEALING,,S009;S082,high
I_SCIPY_BASINHOPPING,SciPy,Basin-hopping,scipy.optimize.basinhopping,,Python,BSD-3-Clause,open_source,Open-source license terms apply.,yes,cross_platform,stochastic globalized local optimization,continuous,local_solver_dependent,local_solver_dependent,no,local_solver_dependent,local_solver_dependent,limited,no,implementation_dependent,implementation_dependent,tolerance;iteration_limit;time_or_evaluation_limit_by_api,initial_guess_or_model_dependent,yes,yes,no,no,no,yes,tolerances;limits;scaling;verbosity;method_specific_options,conditional,high,medium,active_docs_verified,SciPy 1.18.0,2026-07-13,https://docs.scipy.org/doc/scipy/reference/optimize.html,https://github.com/scipy/scipy,scipy.optimize.basinhopping(...),,M_BASIN_HOPPING;M_MULTISTART,,S001;S002;S082,high
I_HIGHS_NATIVE,HiGHS,HiGHS,highspy.Highs / C++ API,,Python;C++;C#;Julia;others,MIT,open_source,Open-source license terms apply.,yes,cross_platform,LP;MIP;convex QP,continuous;integer;binary,bounds;linear;quadratic objective,not_applicable,no,not_applicable,yes,yes_by_solver,no,yes,implementation_dependent,tolerance;iteration_limit;time_or_evaluation_limit_by_api,initial_guess_or_model_dependent,yes,yes,yes,yes,partial,yes,tolerances;limits;scaling;verbosity;method_specific_options,good,high,medium,active_docs_verified,1.15.1,2026-07-13,https://highs.dev/,https://github.com/ERGO-Code/HiGHS,highspy.Highs / C++ API(...),Native APIはbasis/MIP start等をSciPy wrapperより広く公開する場合がある。,M_SIMPLEX;M_DUAL_SIMPLEX;M_BARRIER_LP_QP;M_BRANCH_CUT,,S016;S083,high
I_OSQP,OSQP,OSQP,osqp.OSQP / native APIs,,Python;C;C++;Julia;Matlab;others,Apache-2.0,open_source,Open-source license terms apply.,yes,cross_platform,convex QP,continuous,linear constraints;bounds,not_applicable,no,not_applicable,yes,linear_algebra_backend,no,yes,implementation_dependent,tolerance;iteration_limit;time_or_evaluation_limit_by_api,initial_guess_or_model_dependent,yes,yes,yes,yes,partial,yes,tolerances;limits;scaling;verbosity;method_specific_options,good_for_convex_qp,high,high,active_docs_verified,core 1.0.0; Python wrapper 1.1.3,2026-07-13,https://osqp.org/docs/,https://github.com/osqp/osqp,osqp.OSQP / native APIs(...),P must be positive semidefinite. factorization caching・warm startは反復QP/MPCで有効。 Core and language-wrapper versions are tracked separately.,M_ADMM_QP,,S012;S062;S084;S085,high
I_SCS,SCS,Splitting Conic Solver,scs.solve / native APIs,,Python;C;Julia;Matlab;others,MIT,open_source,Open-source license terms apply.,yes,cross_platform,conic programs,continuous;cone variables,linear cone constraints,not_applicable,no,not_applicable,yes,linear_algebra_backend,optional_indirect_backend_by_build,yes,implementation_dependent,tolerance;iteration_limit;time_or_evaluation_limit_by_api,initial_guess_or_model_dependent,yes,yes,yes,yes,no,yes,tolerances;limits;scaling;verbosity;method_specific_options,conditional,high,medium,active_docs_verified,3.2.11 (docs observed),2026-07-13,https://www.cvxgrp.org/scs/,https://github.com/cvxgrp/scs,scs.solve / native APIs(...),一次法。非常に大規模/中精度に有力だが、status inaccurateとresidualを確認。,M_ADMM;M_PRIMAL_DUAL_CONIC,,S013,high
I_CLARABEL,Clarabel,Clarabel,clarabel.DefaultSolver / wrappers,,Rust;Python;Julia;R;C,Apache-2.0,open_source,Open-source license terms apply.,yes,cross_platform,LP;QP;SOCP;exponential/power cone,continuous;cone variables,linear cone constraints,not_applicable,no,not_applicable,yes,linear_algebra_backend,no,implementation_dependent,implementation_dependent,tolerance;iteration_limit;time_or_evaluation_limit_by_api,initial_guess_or_model_dependent,yes,yes,yes,yes,no,yes,tolerances;limits;scaling;verbosity;method_specific_options,good,high,medium,active_docs_verified,unknown,2026-07-13,https://clarabel.org/stable/,https://github.com/oxfordcontrol/Clarabel.rs,clarabel.DefaultSolver / wrappers(...),homogeneous embeddingを必要としないinterior-point conic solver。対応coneとwrapper差を確認。,M_PRIMAL_DUAL_CONIC;M_BARRIER_LP_QP,,S014,high
I_CVXPY,CVXPY,Disciplined convex programming modeler,cvxpy.Problem.solve,solver=...,Python,Apache-2.0,modeling_layer,Open-source license terms apply.,yes,cross_platform,Modeling layer; backend-dependent LP/QP/conic/MIP,continuous;integer;boolean;complex by atoms,DCP/DGP/DQCP and backend constraints,symbolic_canonicalization,partial_DPP/derivative_features,no,yes,backend_dependent,backend_dependent,yes,implementation_dependent,tolerance;iteration_limit;time_or_evaluation_limit_by_api,initial_guess_or_model_dependent,yes,yes,yes_for_supported_constraints,backend_dependent,conditional_DPP,yes,tolerances;limits;scaling;verbosity;method_specific_options,conditional_backend_selection,high,high,active_docs_verified,1.9.1,2026-07-13,https://www.cvxpy.org/,https://github.com/cvxpy/cvxpy,"cvxpy.Problem.solve(..., method='solver=...')",CVXPYはalgorithm自体ではなくmodeling/canonicalization層。DCP規則とbackend capabilityを分けて記録。,M_PRIMAL_DUAL_CONIC;M_ADMM_QP;M_BRANCH_CUT;M_BARRIER_LP_QP,,S010;S011;S086,high
I_CVXOPT,CVXOPT,CVXOPT solvers,cvxopt.solvers.lp/qp/conelp/coneqp,,Python;C extensions,GPL-3.0,open_source,Open-source license terms apply.,yes,cross_platform,LP;convex QP;conic,continuous;cone variables,linear;conic,not_applicable,no,not_applicable,yes,BLAS_backend,no,partial,implementation_dependent,tolerance;iteration_limit;time_or_evaluation_limit_by_api,initial_guess_or_model_dependent,yes,yes,yes,yes,no,yes,tolerances;limits;scaling;verbosity;method_specific_options,conditional,high,medium,active_docs_verified,unknown,2026-07-13,https://cvxopt.org/,https://github.com/cvxopt/cvxopt,cvxopt.solvers.lp/qp/conelp/coneqp(...),,M_BARRIER_LP_QP;M_PRIMAL_DUAL_CONIC,,S015,high
I_IPOPT,Ipopt,Ipopt,cyipopt.minimize_ipopt / native NLP interface,,C++;Python wrappers;Julia;AMPL;others,EPL-2.0,open_source,Open-source license terms apply.,yes,cross_platform,large-scale smooth NLP,continuous,bounds;linear;nonlinear,yes_required/recommended,via_modeling_tool,external_or_limited,yes,linear_solver_dependent,no,yes,implementation_dependent,tolerance;iteration_limit;time_or_evaluation_limit_by_api,initial_guess_or_model_dependent,yes,yes,yes,KKT_not_global_gap,via_tools,yes,tolerances;limits;scaling;verbosity;method_specific_options,conditional,high,medium,active_docs_verified,3.14.19,2026-07-13,https://coin-or.github.io/Ipopt/,https://github.com/coin-or/Ipopt,cyipopt.minimize_ipopt / native NLP interface(...),滑らかなNLPのみ。sparse derivativeと線形solver選択が性能を左右。非凸では局所KKT点。,M_INTERIOR_POINT_NLP,,S017;S087,high
I_NLOPT,NLopt,NLopt algorithms,nlopt.opt,algorithm enum,C;C++;Python;Julia;Matlab;others,LGPL-2.1+,open_source,Open-source license terms apply.,yes,cross_platform,local/global continuous optimization,continuous,bounds;nonlinear constraints by algorithm,algorithm_dependent,external,external,limited,limited,no,via_initial_guess,implementation_dependent,tolerance;iteration_limit;time_or_evaluation_limit_by_api,initial_guess_or_model_dependent,yes,yes,no,no,no,yes,tolerances;limits;scaling;verbosity;method_specific_options,algorithm_selection_required,high,medium,active_docs_verified,unknown,2026-07-13,https://nlopt.readthedocs.io/en/latest/,https://github.com/stevengj/nlopt,"nlopt.opt(..., method='algorithm enum')",algorithm enumごとに微分・制約・局所/大域が異なる。データ上は一つの手法として扱わない。,M_NELDER_MEAD;M_COBYLA;M_AUGMENTED_LAGRANGIAN;M_DIRECT;M_LBFGS,,S018,high
I_PETSC_TAO,PETSc TAO,TAO,petsc4py.PETSc.TAO / C API,tao_type,C;C++;Fortran;Python,BSD-2-Clause,open_source,Open-source license terms apply.,yes,cross_platform,large-scale parallel continuous optimization,continuous;distributed vectors,unconstrained;bounds;some constraints,yes,external,limited,yes_distributed,MPI,yes_via_PETSc_backends,yes,implementation_dependent,tolerance;iteration_limit;time_or_evaluation_limit_by_api,initial_guess_or_model_dependent,yes,yes,method_dependent,no,no,yes,tolerances;limits;scaling;verbosity;method_specific_options,expert_configuration,high,expert,active_docs_verified,unknown,2026-07-13,https://petsc.org/release/overview/tao/,https://gitlab.com/petsc/petsc,"petsc4py.PETSc.TAO / C API(..., method='tao_type')",distributed data structures/linear solvers/preconditionersまで含めて設計する大規模HPC向け。,M_NEWTON_CG;M_LBFGS;M_TRUST_NCG;M_PROJECTED_GRADIENT,,S019,high
I_PYOMO,Pyomo,Pyomo modeler,pyomo.environ.SolverFactory,solver name,Python,BSD-3-Clause,modeling_layer,Open-source license terms apply.,yes,cross_platform,LP;MIP;NLP;MINLP;stochastic extensions via backend,continuous;integer;binary,algebraic constraints;backend-dependent,symbolic_model,symbolic_derivatives,backend_dependent,backend_dependent,backend_dependent,backend_dependent,backend_dependent,implementation_dependent,tolerance;iteration_limit;time_or_evaluation_limit_by_api,initial_guess_or_model_dependent,yes,yes,backend_dependent,backend_dependent,backend_dependent,yes,tolerances;limits;scaling;verbosity;method_specific_options,solver_selection_required,high,medium,active_docs_verified,unknown,2026-07-13,https://pyomo.readthedocs.io/en/stable/,https://github.com/Pyomo/pyomo,"pyomo.environ.SolverFactory(..., method='solver name')",Pyomoはmodeling layer。選択solverのlicense・capability・statusを別rowで評価。,M_BRANCH_CUT;M_INTERIOR_POINT_NLP;M_OUTER_APPROX_MINLP,,S020,high
I_SCIP,SCIP Optimization Suite,SCIP / PySCIPOpt,pyscipopt.Model / native API,,C;C++;Python;Java;others,Apache-2.0,open_source,Open-source license terms apply.,yes,cross_platform,MIP;MIQP;MINLP;constraint integer programming,continuous;integer;binary,linear;quadratic;nonlinear;logical plugins,symbolic_expression_or_callbacks,implementation_dependent,implementation_dependent,yes,limited/core_and_concurrent_components,no,yes,implementation_dependent,tolerance;iteration_limit;time_or_evaluation_limit_by_api,initial_guess_or_model_dependent,yes,yes,yes_relaxations,yes,limited,yes,tolerances;limits;scaling;verbosity;method_specific_options,good_but_modeling_expert_for_MINLP,high,medium,active_docs_verified,10.0.0,2026-07-13,https://www.scipopt.org/doc/html/,https://github.com/scipopt/scip,pyscipopt.Model / native API(...),MIPとMINLPで保証・nonconvex handlingが異なる。plugin ecosystemとproblem classを確認。,M_BRANCH_CUT;M_SPATIAL_BRANCH_BOUND;M_OUTER_APPROX_MINLP,,S021;S089,high
I_ORTOOLS_CPSAT,Google OR-Tools,CP-SAT,ortools.sat.python.cp_model.CpSolver,,Python;C++;Java;C#,Apache-2.0,open_source,Open-source license terms apply.,yes,cross_platform,integer/Boolean linear optimization;scheduling,integer;binary,integer linear;Boolean;global scheduling,not_applicable,no,not_applicable,yes,yes,no,hints,implementation_dependent,tolerance;iteration_limit;time_or_evaluation_limit_by_api,initial_guess_or_model_dependent,yes,yes,bound_only,yes,no,yes,tolerances;limits;scaling;verbosity;method_specific_options,good,high,high,active_docs_verified,9.15,2026-07-13,https://developers.google.com/optimization/cp/cp_solver,https://github.com/google/or-tools,ortools.sat.python.cp_model.CpSolver(...),CP-SATは整数のみ。実数はscaleして整数化し、丸めとoverflow/係数scaleを検証。,M_CP_SAT;M_CDCL_SAT,,S022;S079;S088,high
I_ORTOOLS_ROUTING,Google OR-Tools,Routing solver,ortools.constraint_solver.pywrapcp.RoutingModel,,Python;C++;Java;C#,Apache-2.0,open_source,Open-source license terms apply.,yes,cross_platform,VRP/TSP/routing with dimensions,routing indices;integer decisions,routing;capacity;time windows;pickup-delivery,not_applicable,no,not_applicable,yes,limited,no,initial_routes,implementation_dependent,tolerance;iteration_limit;time_or_evaluation_limit_by_api,initial_guess_or_model_dependent,yes,yes,no,usually_no_global_certificate,no,yes,tolerances;limits;scaling;verbosity;method_specific_options,conditional,high,medium,active_docs_verified,9.15,2026-07-13,https://developers.google.com/optimization/routing,https://github.com/google/or-tools,ortools.constraint_solver.pywrapcp.RoutingModel(...),巨大routingで良質解を早く得るheuristic中心。最適性証明と成功statusを混同しない。,M_LOCAL_SEARCH_COMBINATORIAL;M_CP_SEARCH,,S023;S088,high
I_ORTOOLS_GLOP,Google OR-Tools,GLOP,pywraplp.Solver.CreateSolver,GLOP,Python;C++;Java;C#,Apache-2.0,open_source,Open-source license terms apply.,yes,cross_platform,LP,continuous,bounds;linear,not_applicable,no,not_applicable,yes,limited,no,implementation_dependent,implementation_dependent,tolerance;iteration_limit;time_or_evaluation_limit_by_api,initial_guess_or_model_dependent,yes,yes,yes,yes,partial,yes,tolerances;limits;scaling;verbosity;method_specific_options,good,high,high,active_docs_verified,9.15,2026-07-13,https://developers.google.com/optimization/lp,https://github.com/google/or-tools,"pywraplp.Solver.CreateSolver(..., method='GLOP')",,M_SIMPLEX;M_DUAL_SIMPLEX,,S078;S088,high
I_ORTOOLS_PDLP,Google OR-Tools,PDLP,pywraplp.Solver.CreateSolver / MathOpt,PDLP,Python;C++;Java;C#,Apache-2.0,open_source,Open-source license terms apply.,yes,cross_platform,very large LP,continuous,bounds;linear,not_applicable,no,not_applicable,yes,yes,no,implementation_dependent,implementation_dependent,tolerance;iteration_limit;time_or_evaluation_limit_by_api,initial_guess_or_model_dependent,yes,yes,yes,yes,no,yes,tolerances;limits;scaling;verbosity;method_specific_options,conditional,high,medium,active_docs_verified,9.15,2026-07-13,https://developers.google.com/optimization/lp,https://github.com/google/or-tools,"pywraplp.Solver.CreateSolver / MathOpt(..., method='PDLP')",一次法で巨大LP向け。高精度・small LPではsimplex/IPMも比較。,M_PDLP,,S078;S088,high
I_GUROBI,Gurobi Optimizer,Gurobi,gurobipy.Model.optimize,,Python;C;C++;Java;C#;R;Matlab,Proprietary,commercial_with_free_tiers,Restricted academic/evaluation/cloud conditions; verify current license.,no,cross_platform,LP;QP;QCP;MIP;MIQP;MIQCP;selected nonlinear,continuous;integer;binary;semi-continuous;semi-integer,bounds;linear;quadratic;indicator;SOS;general constraints,model_based,no,not_applicable,yes,yes,no_or_feature_dependent,yes,implementation_dependent,tolerance;iteration_limit;time_or_evaluation_limit_by_api,initial_guess_or_model_dependent,yes,yes,yes_for_continuous/relaxation,yes,yes_for_supported_models,yes,tolerances;limits;scaling;verbosity;method_specific_options,good,high,high,active_docs_verified,unknown,2026-07-13,https://docs.gurobi.com/projects/optimizer/en/current/,,gurobipy.Model.optimize(...),"status, incumbent, bound, MIP gap, numeric warningsを区別。nonconvex設定とglobal保証範囲を公式manualで確認。",M_SIMPLEX;M_BARRIER_LP_QP;M_BRANCH_CUT;M_SPATIAL_BRANCH_BOUND,,S024,high
I_CPLEX,IBM ILOG CPLEX,CPLEX,docplex / cplex API,,Python;C;C++;Java;.NET;others,Proprietary,commercial_with_free_tiers,Community/academic/commercial terms vary; verify current license.,no,cross_platform,LP;QP;QCP;MIP;MIQP;MIQCP,continuous;integer;binary;semi-continuous,linear;quadratic;logical/SOS,model_based,no,not_applicable,yes,yes,no,yes,implementation_dependent,tolerance;iteration_limit;time_or_evaluation_limit_by_api,initial_guess_or_model_dependent,yes,yes,yes,yes,yes_for_supported_models,yes,tolerances;limits;scaling;verbosity;method_specific_options,good,high,high,active_docs_verified,unknown,2026-07-13,https://www.ibm.com/docs/en/icos,,docplex / cplex API(...),,M_SIMPLEX;M_BARRIER_LP_QP;M_BRANCH_CUT,,S025,high
I_CBC,COIN-OR Cbc,Cbc,cbc / cylp / PuLP backend,,C++;Python wrappers;others,EPL-2.0,open_source,Open-source license terms apply.,yes,cross_platform,MILP,continuous;integer;binary,bounds;linear,not_applicable,no,not_applicable,yes,limited,no,implementation_dependent,implementation_dependent,tolerance;iteration_limit;time_or_evaluation_limit_by_api,initial_guess_or_model_dependent,yes,yes,relaxation,yes,limited,yes,tolerances;limits;scaling;verbosity;method_specific_options,conditional,high,medium,active_docs_verified,unknown,2026-07-13,https://github.com/coin-or/Cbc,https://github.com/coin-or/Cbc,cbc / cylp / PuLP backend(...),,M_BRANCH_CUT,,S026,high
I_GLPK,GNU GLPK,GLPK,glpsol / swiglpk,,C;command line;wrappers,GPL-3.0,open_source,Open-source license terms apply.,yes,cross_platform,LP;MILP,continuous;integer;binary,bounds;linear,not_applicable,no,not_applicable,yes,limited,no,yes_for_basis,implementation_dependent,tolerance;iteration_limit;time_or_evaluation_limit_by_api,initial_guess_or_model_dependent,yes,yes,yes,yes,partial,yes,tolerances;limits;scaling;verbosity;method_specific_options,conditional,high,medium,active_docs_verified,unknown,2026-07-13,https://www.gnu.org/software/glpk/,https://git.savannah.gnu.org/cgit/glpk.git,glpsol / swiglpk(...),,M_SIMPLEX;M_BARRIER_LP_QP;M_BRANCH_CUT,,S027,high
I_MOSEK,MOSEK,MOSEK Optimizer,mosek / Fusion API,,Python;C;C++;Java;.NET;Matlab;R,Proprietary,commercial_with_free_tiers,Academic and trial conditions vary; verify current license.,no,cross_platform,LP;QP;SOCP;SDP;exponential/power cone;MIP,continuous;integer;binary;cone/PSD variables,linear;quadratic;conic;semidefinite,model_based,no,not_applicable,yes,yes,no,yes_by_optimizer,implementation_dependent,tolerance;iteration_limit;time_or_evaluation_limit_by_api,initial_guess_or_model_dependent,yes,yes,yes,yes,implementation_dependent,yes,tolerances;limits;scaling;verbosity;method_specific_options,good,high,medium,active_docs_verified,11.2.2 (official docs observed),2026-07-13,https://docs.mosek.com/latest/pythonapi/index.html,,mosek / Fusion API(...),錐/SDPの代表的商用solver。problem reformulationとcone supportを確認。,M_PRIMAL_DUAL_CONIC;M_BARRIER_LP_QP;M_BRANCH_CUT,,S028,high
I_KNITRO,Artelys Knitro,Knitro,knitro Python/native APIs,algorithm option,Python;C;C++;Java;Fortran;Matlab;R,Proprietary,commercial_with_free_tiers,Academic/evaluation/commercial terms vary.,no,cross_platform,smooth NLP;least squares;MINLP,continuous;integer;binary,bounds;linear;nonlinear;complementarity by features,yes,via_modeling_tools,yes/options,yes,yes,no,yes,implementation_dependent,tolerance;iteration_limit;time_or_evaluation_limit_by_api,initial_guess_or_model_dependent,yes,yes,yes,yes_for_MINLP,yes_by_feature,yes,tolerances;limits;scaling;verbosity;method_specific_options,good,high,medium,active_docs_verified,unknown,2026-07-13,https://www.artelys.com/app/docs/knitro/,,"knitro Python/native APIs(..., method='algorithm option')",,M_INTERIOR_POINT_NLP;M_SQP;M_ACTIVE_SET;M_BRANCH_BOUND,,S029,high
I_SNOPT,SNOPT,SNOPT,snopt interfaces,,Fortran;C/C++;Python/Matlab wrappers,Proprietary,commercial,License required; academic terms may exist.,no,cross_platform,large sparse smooth NLP,continuous,bounds;linear;nonlinear,yes,external,yes_by_interface,yes,limited,no,yes_basis_and_states,implementation_dependent,tolerance;iteration_limit;time_or_evaluation_limit_by_api,initial_guess_or_model_dependent,yes,yes,yes,KKT_not_global,limited,yes,tolerances;limits;scaling;verbosity;method_specific_options,expert_configuration,high,expert,active_docs_verified,unknown,2026-07-13,https://ccom.ucsd.edu/~optimizers/solvers/snopt/,,snopt interfaces(...),疎SQP。derivative option・major/minor iterations・feasibility tolerancesを理解して使用。,M_SQP,,S030,high
I_NOMAD,NOMAD,NOMAD 4,PyNomad.optimize / native,,C++;Python,LGPL-3.0-or-later,open_source,Open-source under LGPL-3.0-or-later; review linking and redistribution obligations.,yes,cross_platform,black-box derivative-free with constraints and mixed variables,continuous;integer;categorical by formulation,bounds;black-box constraints;extreme/progressive barrier,no,no,no,not_applicable,yes_evaluations,no,yes_cache,implementation_dependent,tolerance;iteration_limit;time_or_evaluation_limit_by_api,initial_guess_or_model_dependent,yes,yes,no,no,no,yes,tolerances;limits;scaling;verbosity;method_specific_options,conditional,high,medium,active_docs_verified,4.5.1,2026-07-13,https://www.gerad.ca/en/software/nomad/,https://github.com/bbopt/nomad,PyNomad.optimize / native(...),評価失敗/cache/constraint handlingを明示。ライセンス文字列は一次資料で再確認backlog。,M_MADS,,S031;S094,high
I_PYCMA,pycma,CMA-ES,cma.fmin2 / cma.CMAEvolutionStrategy,,Python,BSD-3-Clause,open_source,Open-source license terms apply.,yes,cross_platform,continuous black-box optimization,continuous,bounds;penalty/repair via options,no,no,no,not_applicable,ask/tell or evaluator,no,yes_state_or_initial_mean,implementation_dependent,tolerance;iteration_limit;time_or_evaluation_limit_by_api,initial_guess_or_model_dependent,yes,yes,no,no,no,yes,tolerances;limits;scaling;verbosity;method_specific_options,conditional,high,high,active_docs_verified,unknown,2026-07-13,https://cma-es.github.io/apidocs-pycma/,https://github.com/CMA-ES/pycma,cma.fmin2 / cma.CMAEvolutionStrategy(...),seed、population、sigma、bounds、restart、noise handlingを記録。標準CMAはO(n²) memory/linear algebra。,M_CMA_ES,,S032,high
I_NEVERGRAD,Nevergrad,Nevergrad optimizers,nevergrad.optimization.optimizerlib,,Python,MIT,open_source,Open-source license terms apply.,yes,cross_platform,derivative-free portfolio and experimentation,continuous;integer;categorical;mixed instrumentation,bounds;penalty/constraints by API,no,no,no,not_applicable,ask/tell,no,implementation_dependent,implementation_dependent,tolerance;iteration_limit;time_or_evaluation_limit_by_api,initial_guess_or_model_dependent,yes,yes,no,no,no,yes,tolerances;limits;scaling;verbosity;method_specific_options,optimizer_selection_required,high,medium,active_docs_verified,1.0.12,2026-07-13,https://facebookresearch.github.io/nevergrad/,https://github.com/facebookresearch/nevergrad,nevergrad.optimization.optimizerlib(...),portfolio名はalgorithm familyと同一視しない。instrumentation/constraint handling/parallel budgetで挙動が変わる。,M_CMA_ES;M_DIFFERENTIAL_EVOLUTION;M_PARTICLE_SWARM;M_RANDOM_SEARCH,,S033;S090,high
I_OPTUNA,Optuna,Optuna study/samplers/pruners,optuna.create_study / Study.optimize,sampler/pruner,Python,MIT,open_source,Open-source license terms apply.,yes,cross_platform,hyperparameter optimization,continuous;integer;categorical;conditional,trial constraints/failed trials by sampler/framework,no,no,no,not_applicable,multi-process/distributed storage,workload_dependent,yes_persistent_study,implementation_dependent,tolerance;iteration_limit;time_or_evaluation_limit_by_api,initial_guess_or_model_dependent,yes,yes,no,no,no,yes,tolerances;limits;scaling;verbosity;method_specific_options,good_for_HPO,high,high,active_docs_verified,4.9.0 (official docs observed),2026-07-13,https://optuna.readthedocs.io/en/stable/,https://github.com/optuna/optuna,"optuna.create_study / Study.optimize(..., method='sampler/pruner')",sampler、pruner、storage、trial stateを別要素として記録。pruningはlearning curve biasを検証。,M_TPE;M_RANDOM_SEARCH;M_HYPERBAND_ASHA;M_BAYESIAN_OPT_GP,,S034,high
I_BOTORCH,BoTorch,BoTorch Bayesian optimization,botorch / optimize_acqf,model/acquisition,Python,MIT,open_source,Open-source license terms apply.,yes,cross_platform,Bayesian optimization;expensive black-box;multiobjective BO,continuous;integer/categorical via models or relaxations,bounds;outcome constraints;black-box constraints by modeling,optional_observation_gradients,yes_PyTorch,no,model_dependent,batch q-acquisition,yes_PyTorch,yes_data/model_state,implementation_dependent,tolerance;iteration_limit;time_or_evaluation_limit_by_api,initial_guess_or_model_dependent,yes,yes,no,no,posterior_and_acquisition_gradients,yes,tolerances;limits;scaling;verbosity;method_specific_options,modeling_required,high,expert,active_docs_verified,0.18.1 (official site observed),2026-07-13,https://botorch.org/,https://github.com/pytorch/botorch,"botorch / optimize_acqf(..., method='model/acquisition')",posterior uncertaintyは最適性証明ではない。outcome transform、noise model、acquisition optimizationを検査。,M_BAYESIAN_OPT_GP;M_TURBO_SAASBO,,S035,high
I_AX,Ax,Ax adaptive experimentation,ax.service / AxClient,,Python,MIT,open_source,Open-source license terms apply.,yes,cross_platform,adaptive experimentation and Bayesian optimization,continuous;integer;categorical;conditional,parameter/outcome constraints;multiobjective,no,via_BoTorch,no,model_dependent,batch/asynchronous,via_BoTorch,yes_experiment_storage,implementation_dependent,tolerance;iteration_limit;time_or_evaluation_limit_by_api,initial_guess_or_model_dependent,yes,yes,no,no,model_diagnostics,yes,tolerances;limits;scaling;verbosity;method_specific_options,conditional,high,medium,active_docs_verified,1.3.1 (official site observed),2026-07-13,https://ax.dev/,https://github.com/facebook/Ax,ax.service / AxClient(...),service/modelbridge層。generation strategyとunderlying BoTorch modelを分離して記録。,M_BAYESIAN_OPT_GP;M_TURBO_SAASBO;M_RANDOM_SEARCH,,S036,high
I_SMAC3,SMAC3,SMAC,smac.HyperparameterOptimizationFacade,,Python,BSD-3-Clause,open_source,Open-source license terms apply.,yes,cross_platform,algorithm configuration and HPO,continuous;integer;categorical;conditional,forbidden configurations;crash/cost handling,no,no,no,not_applicable,distributed_workers,no,yes_runhistory,implementation_dependent,tolerance;iteration_limit;time_or_evaluation_limit_by_api,initial_guess_or_model_dependent,yes,yes,no,no,model_diagnostics,yes,tolerances;limits;scaling;verbosity;method_specific_options,conditional,high,medium,active_docs_verified,unknown,2026-07-13,https://automl.github.io/SMAC3/latest/,https://github.com/automl/SMAC3,smac.HyperparameterOptimizationFacade(...),scenario、intensifier、runhistory、budget/fidelityを明示。,M_SMAC_RF;M_RANDOM_SEARCH,,S037,high
I_RAY_TUNE,Ray Tune,Ray Tune,ray.tune.Tuner,search_alg/scheduler,Python,Apache-2.0,open_source,Open-source license terms apply.,yes,cross_platform,distributed HPO and experiment scheduling,continuous;integer;categorical;conditional,framework/searcher dependent,no,no,no,not_applicable,distributed,yes_resource_scheduling,yes_checkpoints/restore,implementation_dependent,tolerance;iteration_limit;time_or_evaluation_limit_by_api,initial_guess_or_model_dependent,yes,yes,no,no,no,yes,tolerances;limits;scaling;verbosity;method_specific_options,scheduler_and_searcher_required,high,medium,active_docs_verified,2.56.0 (official docs observed),2026-07-13,https://docs.ray.io/en/latest/tune/index.html,https://github.com/ray-project/ray,"ray.tune.Tuner(..., method='search_alg/scheduler')",Tuneはorchestration layer。search algorithmとschedulerを同一手法として扱わない。,M_RANDOM_SEARCH;M_HYPERBAND_ASHA;M_PBT;M_BAYESIAN_OPT_GP,,S038,high
I_PYMOO,pymoo,pymoo algorithms,pymoo.optimize.minimize,algorithm object,Python,Apache-2.0,open_source,Open-source license terms apply.,yes,cross_platform,multiobjective and evolutionary optimization,continuous;integer;binary;mixed by operators,bounds;constraints,optional_problem_gradients,no,external,not_applicable,yes_evaluations,no,yes_population,implementation_dependent,tolerance;iteration_limit;time_or_evaluation_limit_by_api,initial_guess_or_model_dependent,yes,yes,no,no,no,yes,tolerances;limits;scaling;verbosity;method_specific_options,conditional,high,medium,active_docs_verified,unknown,2026-07-13,https://pymoo.org/,https://github.com/anyoptimization/pymoo,"pymoo.optimize.minimize(..., method='algorithm object')",termination、reference directions、constraint violation、performance indicatorsを明示。,M_NSGA_II;M_NSGA_III;M_MOEA_D;M_GENETIC_ALGORITHM,,S039,high
I_DEAP,DEAP,DEAP evolutionary framework,deap.algorithms / toolbox,,Python,LGPL-3.0,open_source,Open-source license terms apply.,yes,cross_platform,custom evolutionary algorithms,arbitrary encoded individuals,custom penalty/repair,no,no,no,not_applicable,map abstraction,no,custom_population,implementation_dependent,tolerance;iteration_limit;time_or_evaluation_limit_by_api,initial_guess_or_model_dependent,yes,yes,no,no,no,yes,tolerances;limits;scaling;verbosity;method_specific_options,framework_requires_design,high,expert,active_docs_verified,unknown,2026-07-13,https://deap.readthedocs.io/en/master/,https://github.com/DEAP/deap,deap.algorithms / toolbox(...),frameworkでありdefault solverではない。encoding/operator/fitness/constraint処理の妥当性は利用者責任。,M_GENETIC_ALGORITHM;M_PARTICLE_SWARM;M_NSGA_II,,S040,high
I_CERES,Ceres Solver,Ceres,ceres::Solve,,C++,BSD-3-Clause,open_source,Open-source license terms apply.,yes,cross_platform,nonlinear least squares;general unconstrained cost,continuous parameter blocks,bounds;manifold parameterizations;residual blocks,yes,yes,yes,yes,yes_residuals/linear_solver,no,via_parameters,implementation_dependent,tolerance;iteration_limit;time_or_evaluation_limit_by_api,initial_guess_or_model_dependent,yes,yes,no,no,covariance_tools,yes,tolerances;limits;scaling;verbosity;method_specific_options,good_for_least_squares,high,medium,active_docs_verified,unknown,2026-07-13,https://ceres-solver.readthedocs.io/latest/,https://github.com/ceres-solver/ceres-solver,ceres::Solve(...),robust loss、Schur structure、local parameterization/manifold、linear solver choiceが重要。,M_GAUSS_NEWTON;M_LEVENBERG_MARQUARDT;M_TRUST_KRYLOV,,S041;S077,high
I_CASADI,CasADi,CasADi + NLP/QP plugins,casadi.nlpsol / qpsol,plugin name,Python;C++;Matlab,LGPL-3.0,open_source,Open-source license terms apply.,yes,cross_platform,symbolic/AD NLP;optimal control;QP,continuous;trajectory,bounds;linear;nonlinear;dynamics through transcription,symbolic_AD,yes,possible_but_not_primary,yes,map/mapaccum/codegen,limited/external,yes,implementation_dependent,tolerance;iteration_limit;time_or_evaluation_limit_by_api,initial_guess_or_model_dependent,yes,yes,yes_backend,backend_dependent,yes_AD,yes,tolerances;limits;scaling;verbosity;method_specific_options,plugin_selection_required,high,medium,active_docs_verified,unknown,2026-07-13,https://web.casadi.org/docs/,https://github.com/casadi/casadi,"casadi.nlpsol / qpsol(..., method='plugin name')",CasADiはAD/modelingとsolver plugin層。Ipopt等backendの保証・licenseを別に記録。,M_INTERIOR_POINT_NLP;M_SQP;M_MULTIPLE_SHOOTING;M_DIRECT_COLLOCATION,,S042,high
I_ACADOS,acados,acados,AcadosOcpSolver / native,,C;Python;Matlab/Octave,BSD-2-Clause,open_source,Open-source license terms apply.,yes,cross_platform,optimal control;NMPC;MHE,continuous state/control/trajectory,dynamics;path;bounds;terminal constraints,yes/generated,via_CasADi,external,yes_structured,yes_by_backend,no,yes_critical,implementation_dependent,tolerance;iteration_limit;time_or_evaluation_limit_by_api,initial_guess_or_model_dependent,yes,yes,yes,KKT_not_global,yes,yes,tolerances;limits;scaling;verbosity;method_specific_options,expert_configuration,high,expert,active_docs_verified,unknown,2026-07-13,https://docs.acados.org/,https://github.com/acados/acados,AcadosOcpSolver / native(...),real-time iteration、condensing、integrator、QP solver、scalingを一体で検証。,M_MULTIPLE_SHOOTING;M_SQP;M_ILQR_DDP;M_ADMM_QP,,S043;S076,high
I_PYMANOPT,Pymanopt,Pymanopt,pymanopt.optimizers.*,,Python,BSD-3-Clause,open_source,Open-source license terms apply.,yes,cross_platform,Riemannian manifold optimization,manifold variables,intrinsic manifold constraint,yes,yes_multiple_backends,limited,linear_algebra_dependent,backend_dependent,backend_dependent,yes,implementation_dependent,tolerance;iteration_limit;time_or_evaluation_limit_by_api,initial_guess_or_model_dependent,yes,yes,no,no,no,yes,tolerances;limits;scaling;verbosity;method_specific_options,conditional,high,medium,active_docs_verified,2.2.1,2026-07-13,https://pymanopt.org/,https://github.com/pymanopt/pymanopt,pymanopt.optimizers.*(...),manifold、backend、cost decorator、Riemannian derivative validationを確認。,M_RIEMANNIAN_GRADIENT;M_RIEMANNIAN_TRUST_REGION,,S044;S091,high
I_MANOPT_MATLAB,Manopt,Manopt,trustregions / conjugategradient / steepestdescent,,MATLAB,GPL-3.0-or-later,open_source,Open-source under GPL-3.0-or-later; redistribution and derivative works must follow GPL terms.,yes,cross_platform,Riemannian manifold optimization,manifold variables,intrinsic manifold constraint,yes,partial/tools,yes_checkgradient,linear_algebra_dependent,MATLAB/backend,MATLAB/backend,yes,implementation_dependent,tolerance;iteration_limit;time_or_evaluation_limit_by_api,initial_guess_or_model_dependent,yes,yes,no,no,no,yes,tolerances;limits;scaling;verbosity;method_specific_options,conditional,high,medium,active_docs_verified,8.0,2026-07-13,https://www.manopt.org/,https://github.com/NicolasBoumal/manopt,trustregions / conjugategradient / steepestdescent(...),Official repository README states Manopt 8.0 and GPL version 3 or later.,M_RIEMANNIAN_GRADIENT;M_RIEMANNIAN_TRUST_REGION,,S045;S092,high
I_JAXOPT,JAXopt,JAXopt,jaxopt.*,,Python,Apache-2.0,open_source,Open-source license terms apply.,yes,cross_platform,differentiable optimization;first/second-order;implicit differentiation,continuous,unconstrained;bounds;structured by solver,yes_via_JAX,yes,no,JAX_dependent,JAX_vmap/pmap,yes_JAX,yes,implementation_dependent,tolerance;iteration_limit;time_or_evaluation_limit_by_api,initial_guess_or_model_dependent,yes,yes,method_dependent,method_dependent,yes_implicit_diff,yes,tolerances;limits;scaling;verbosity;method_specific_options,conditional,high,medium,legacy,0.8.5,2026-07-13,https://jaxopt.github.io/stable/,https://github.com/google/jaxopt,jaxopt.*(...),official repository status/maintenance cadenceを確認。JAX compilation/static shapeとsolver differentiabilityに注意。 Official repository states that JAXopt is no longer maintained or developed; evaluate JAX/Optax alternatives before new adoption.,M_LBFGS;M_PROJECTED_GRADIENT;M_GAUSS_NEWTON;M_PROX_GRADIENT,,S046;S093,high
I_OPTAX,Optax,Optax gradient transformations,optax.*,,Python,Apache-2.0,open_source,Open-source license terms apply.,yes,cross_platform,stochastic gradient optimization for JAX,continuous arrays/pytrees,usually unconstrained;custom transformations,yes_via_JAX,yes_JAX,no,array_dependent,JAX_pmap/pjit,yes_JAX,yes_optimizer_state,implementation_dependent,tolerance;iteration_limit;time_or_evaluation_limit_by_api,initial_guess_or_model_dependent,yes,yes,no,no,autodiff,yes,tolerances;limits;scaling;verbosity;method_specific_options,conditional,high,high,active_docs_verified,unknown,2026-07-13,https://optax.readthedocs.io/en/latest/,https://github.com/google-deepmind/optax,optax.*(...),optimizer transformation library。training loop、schedule、regularization、state checkpointは利用者が管理。,M_SGD;M_MOMENTUM_SGD;M_ADAM;M_ADAMW,,S047,high
I_PYTORCH_OPTIM,PyTorch,torch.optim,torch.optim.*,,Python;C++ backend,BSD-3-Clause,open_source,Open-source license terms apply.,yes,cross_platform,ML training optimizers,continuous tensors/model parameters,usually unconstrained;custom projection/penalty,yes_autograd,yes,no,partial_optimizer_dependent,GPU/distributed,yes,yes_state_dict,implementation_dependent,tolerance;iteration_limit;time_or_evaluation_limit_by_api,initial_guess_or_model_dependent,yes,yes,no,no,autograd,yes,tolerances;limits;scaling;verbosity;method_specific_options,conditional,high,high,active_docs_verified,2.13 docs observed,2026-07-13,https://docs.pytorch.org/docs/stable/optim.html,https://github.com/pytorch/pytorch,torch.optim.*(...),optimizer classごとにsparse gradient、foreach/fused/capturable、memoryが異なる。,M_SGD;M_MOMENTUM_SGD;M_ADAM;M_ADAMW;M_LBFGS,,S048,high
I_TENSORFLOW_OPTIM,TensorFlow/Keras,Keras optimizers,tf.keras.optimizers.*,,Python;C++ backend,Apache-2.0,open_source,Open-source license terms apply.,yes,cross_platform,ML training optimizers,continuous tensors/model variables,usually unconstrained;constraints via model/layers,yes_GradientTape,yes,no,partial_optimizer_dependent,GPU/TPU/distributed strategies,yes,yes_checkpoint,implementation_dependent,tolerance;iteration_limit;time_or_evaluation_limit_by_api,initial_guess_or_model_dependent,yes,yes,no,no,autodiff,yes,tolerances;limits;scaling;verbosity;method_specific_options,conditional,high,high,active_docs_verified,unknown,2026-07-13,https://www.tensorflow.org/api_docs/python/tf/keras/optimizers,https://github.com/tensorflow/tensorflow,tf.keras.optimizers.*(...),,M_SGD;M_MOMENTUM_SGD;M_ADAM;M_ADAMW,,S049,high
I_DRAKE,Drake,MathematicalProgram / trajectory optimization,pydrake.solvers.MathematicalProgram,,C++;Python,BSD-3-Clause,open_source,Open-source license terms apply.,yes,cross_platform,robotics mathematical programs;trajectory optimization,continuous;binary by backend;rotations/trajectories,bounds;linear;quadratic;nonlinear;PSD/SOC by backend,yes,yes_AutoDiffXd,external,backend_dependent,backend_dependent,no,backend_dependent,implementation_dependent,tolerance;iteration_limit;time_or_evaluation_limit_by_api,initial_guess_or_model_dependent,yes,yes,backend_dependent,backend_dependent,partial,yes,tolerances;limits;scaling;verbosity;method_specific_options,solver_selection_required,high,expert,active_docs_verified,unknown,2026-07-13,https://drake.mit.edu/doxygen_cxx/group__solvers.html,https://github.com/RobotLocomotion/drake,pydrake.solvers.MathematicalProgram(...),MathematicalProgramと個別solver、geometry/trajectory classesを分離。,M_DIRECT_COLLOCATION;M_MULTIPLE_SHOOTING;M_INTERIOR_POINT_NLP;M_BRANCH_CUT,,S050,high
I_JUMP,JuMP,JuMP modeling language,JuMP.optimize!,optimizer backend,Julia,MIT,modeling_layer,Open-source license terms apply.,yes,cross_platform,LP;QP;conic;NLP;MIP via MathOptInterface backends,continuous;integer;binary;cone variables,backend-dependent algebraic constraints,symbolic/AD,yes_for_NLP,backend_dependent,backend_dependent,backend_dependent,backend_dependent,backend_dependent,implementation_dependent,tolerance;iteration_limit;time_or_evaluation_limit_by_api,initial_guess_or_model_dependent,yes,yes,backend_dependent,backend_dependent,extensions/backend,yes,tolerances;limits;scaling;verbosity;method_specific_options,solver_selection_required,high,high,active_docs_verified,unknown,2026-07-13,https://jump.dev/JuMP.jl/stable/,https://github.com/jump-dev/JuMP.jl,"JuMP.optimize!(..., method='optimizer backend')",JuMPはmodeling layer。MathOptInterface属性とbackend capabilityを別管理。,M_SIMPLEX;M_PRIMAL_DUAL_CONIC;M_BRANCH_CUT;M_INTERIOR_POINT_NLP,,S051,high
I_OPTIMJL,Optim.jl,Optim.jl,Optim.optimize,algorithm object,Julia,MIT,open_source,Open-source license terms apply.,yes,cross_platform,continuous local optimization,continuous,unconstrained;bounds;constraints by related packages,yes,yes_via_AD packages,yes,algorithm_dependent,limited,array_backend_dependent,via_initial_guess/state,implementation_dependent,tolerance;iteration_limit;time_or_evaluation_limit_by_api,initial_guess_or_model_dependent,yes,yes,no,no,no,yes,tolerances;limits;scaling;verbosity;method_specific_options,conditional,high,high,active_docs_verified,unknown,2026-07-13,https://julianlsolvers.github.io/Optim.jl/stable/,https://github.com/JuliaNLSolvers/Optim.jl,"Optim.optimize(..., method='algorithm object')",,M_BFGS;M_LBFGS;M_NELDER_MEAD;M_NEWTON;M_TRUST_NCG,,S052,high
I_MINIZINC,MiniZinc,MiniZinc modeler,minizinc command/API,solver backend,MiniZinc;Python/C#/Java interfaces,MPL-2.0,modeling_layer,Open-source license terms apply.,yes,cross_platform,constraint programming;MIP;SAT via backend,integer;binary;finite domain;set;float by backend,global/logical/algebraic constraints,not_applicable,no,not_applicable,backend_dependent,backend_dependent,no,backend_dependent,implementation_dependent,tolerance;iteration_limit;time_or_evaluation_limit_by_api,initial_guess_or_model_dependent,yes,yes,backend_dependent,backend_dependent,no,yes,tolerances;limits;scaling;verbosity;method_specific_options,solver_selection_required,high,high,active_docs_verified,unknown,2026-07-13,https://docs.minizinc.dev/en/stable/,https://github.com/MiniZinc/libminizinc,"minizinc command/API(..., method='solver backend')",model/flattening/backendの三層。global constraintがbackendで分解される差を確認。,M_CP_SEARCH;M_CP_SAT;M_BRANCH_CUT;M_CDCL_SAT,,S053,high
I_EXCEL_SOLVER,Microsoft Excel,Solver add-in,Excel Solver UI,,Excel/VBA,Proprietary bundled component,commercial,Availability depends on Microsoft 365/Office license and platform.,no,Windows;macOS_feature_differences,small spreadsheet LP/NLP/integer models,continuous;integer;binary,cell bounds;algebraic spreadsheet constraints,no,no,implementation_dependent,no,no,no,current_cell_values,implementation_dependent,tolerance;iteration_limit;time_or_evaluation_limit_by_api,initial_guess_or_model_dependent,yes,yes,partial_reports_by_method,limited,LP_reports,yes,tolerances;limits;scaling;verbosity;method_specific_options,conditional,high,high,active_docs_verified,unknown,2026-07-13,https://support.microsoft.com/en-us/office/define-and-solve-a-problem-by-using-solver-5d1a388f-079d-43ac-a7eb-f63e45925040,,Excel Solver UI(...),教育・小規模GUI用途。engine/version/option、scale、integer tolerance、status reportを保存し再現性を確保。,M_SIMPLEX;M_GRADIENT_DESCENT;M_BRANCH_BOUND,,S081,high
I_MANOPT_JL,Manopt.jl,Manopt.jl,Manopt.jl solver functions,,Julia,MIT,open_source,Open-source MIT license terms apply.,yes,cross_platform,Riemannian manifold optimization,manifold variables,intrinsic manifold constraint,yes,via Julia ecosystem/extensions,diagnostic_tools,linear_algebra_dependent,Julia/backend_dependent,backend_dependent,yes,decorators_and_recording,stopping_criteria;iteration_limit;time_or_evaluation_limit_by_solver,initial_manifold_point,intrinsic_feasibility_by_manifold,yes,no,no,no,solver_state_and_stopping_reason,retraction;vector_transport;stopping_criterion;stepsize;debug;record,conditional,high,medium,active_docs_verified,0.6.1,2026-07-13,https://manoptjl.org/,https://github.com/JuliaManifolds/Manopt.jl,using Manopt; gradient_descent(...),"API and extension behavior can change by version; verify manifold, retraction, gradient/Hessian conventions, and backend.",M_RIEMANNIAN_GRADIENT;M_RIEMANNIAN_TRUST_REGION,Julia-native manifold ecosystem and configurable decorators/stopping criteria.,S095,high
