schema_field_id,sheet_name,table_name,column_order,column_name,display_name_ja,data_type,required,primary_key,foreign_key,foreign_key_target,controlled_vocabulary,example_value,definition,notes
SF00001,00_README,readme,1,section,section,varchar,yes,yes,no,,,title,sectionを表す列。,
SF00002,00_README,readme,2,item,item,varchar,yes,yes,no,,,dataset_name,itemを表す列。,
SF00003,00_README,readme,3,value,値,varchar,conditional,no,no,,,Optimization Method Selection Database / 最適化手法選択データベース,値を表す列。,
SF00004,00_README,readme,4,notes,注意事項,text,conditional,no,no,,,初期研究版,注意事項を表す列。,
SF00005,01_problem_archetypes,problem_archetypes,1,problem_id,問題ID,varchar,yes,yes,no,,,PA001,問題IDを表す列。,
SF00006,01_problem_archetypes,problem_archetypes,2,name_ja,日本語名,varchar,conditional,no,no,,,閉形式解候補,日本語名を表す列。,
SF00007,01_problem_archetypes,problem_archetypes,3,name_en,英語名,varchar,conditional,no,no,,,Closed-form candidate,英語名を表す列。,
SF00008,01_problem_archetypes,problem_archetypes,4,summary,概要,text,conditional,no,no,,,閉形式解候補。変数=continuous、目的=general_nonlinear、制約=unconstrained。,概要を表す列。,
SF00009,01_problem_archetypes,problem_archetypes,5,domain_group,領域 group,varchar,conditional,no,no,,,precheck,領域 groupを表す列。,
SF00010,01_problem_archetypes,problem_archetypes,6,canonical_form,標準 形式,varchar,conditional,no,no,,,minimize general_nonlinear; subject to unconstrained,標準 形式を表す列。,
SF00011,01_problem_archetypes,problem_archetypes,7,primary_variable_type,主要変数型,varchar,conditional,no,no,,,continuous,主要変数型を表す列。,
SF00012,01_problem_archetypes,problem_archetypes,8,objective_structure,目的構造,varchar,conditional,no,no,,,general_nonlinear,目的構造を表す列。,
SF00013,01_problem_archetypes,problem_archetypes,9,constraint_structure,制約構造,varchar,conditional,no,no,,,unconstrained,制約構造を表す列。,
SF00014,01_problem_archetypes,problem_archetypes,10,convexity,凸性,varchar,conditional,no,no,,,unknown,凸性を表す列。,
SF00015,01_problem_archetypes,problem_archetypes,11,smoothness,滑らかさ,varchar,conditional,no,no,,,smooth,滑らかさを表す列。,
SF00016,01_problem_archetypes,problem_archetypes,12,derivative_access,微分情報,varchar,conditional,no,no,,,analytic_gradient,微分情報を表す列。,
SF00017,01_problem_archetypes,problem_archetypes,13,typical_dimension,典型次元,varchar,conditional,no,no,,,very_low,典型次元を表す列。,
SF00018,01_problem_archetypes,problem_archetypes,14,typical_evaluation_cost,典型評価費,varchar,conditional,no,no,,,cheap,典型評価費を表す列。,
SF00019,01_problem_archetypes,problem_archetypes,15,typical_noise,典型noise,varchar,conditional,no,no,,,deterministic,典型noiseを表す列。,
SF00020,01_problem_archetypes,problem_archetypes,16,evaluation_reliability,評価 信頼性,varchar,conditional,no,no,,,reliable,評価 信頼性を表す列。,
SF00021,01_problem_archetypes,problem_archetypes,17,solution_requirement,解・保証要求,varchar,conditional,no,no,,,global_proof,解・保証要求を表す列。,
SF00022,01_problem_archetypes,problem_archetypes,18,special_structure,特殊構造,varchar,conditional,no,no,,,dense,特殊構造を表す列。,
SF00023,01_problem_archetypes,problem_archetypes,19,repeated_solve_mode,反復 求解 mode,varchar,conditional,no,no,,,one_off,反復 求解 modeを表す列。,
SF00024,01_problem_archetypes,problem_archetypes,20,parallel_budget,並列 予算,varchar,conditional,no,no,,,serial,並列 予算を表す列。,
SF00025,01_problem_archetypes,problem_archetypes,21,generic_optimization_appropriate,汎用 最適化 妥当,varchar,conditional,no,no,,,conditional,Whether a generic optimizer is appropriate after alternative checks.,
SF00026,01_problem_archetypes,problem_archetypes,22,alternative_check_ids,代替check ID一覧,id_list_text,conditional,no,no,,,ALT_CLOSED_FORM;ALT_SYMBOLIC,Convenience denormalization; canonical relation is 22_problem_alternative_map.,Use canonical bridge table instead of parsing list text.
SF00027,01_problem_archetypes,problem_archetypes,23,example_domains,例 分野,varchar,no,no,no,,,,例 分野を表す列。,
SF00028,01_problem_archetypes,problem_archetypes,24,first_questions,第一 質問,varchar,conditional,no,no,,,変数型、制約、微分、評価費、noise、次元、必要保証を確認。,第一 質問を表す列。,
SF00029,01_problem_archetypes,problem_archetypes,25,source_ids,根拠情報源ID,id_list_text,conditional,no,no,,,S055;S056,Supporting sources; canonical row-level provenance is in 27_evidence_links.,Use canonical bridge table instead of parsing list text.
SF00030,01_problem_archetypes,problem_archetypes,26,confidence,確信度,varchar,conditional,no,no,,confidence,high,"Confidence in the recorded claim, not algorithm success probability.",
SF00031,01_problem_archetypes,problem_archetypes,27,last_verified,最終確認日,date,conditional,no,no,,,2026-07-13,Date on which time-sensitive facts or mappings were last checked.,
SF00032,02_problem_features,problem_features,1,feature_id,特徴ID,varchar,yes,yes,no,,,F_VARIABLE_DOMAIN,特徴IDを表す列。,
SF00033,02_problem_features,problem_features,2,feature_code,特徴 code,varchar,conditional,no,no,,,variable_domain,特徴 codeを表す列。,
SF00034,02_problem_features,problem_features,3,category,分類,varchar,conditional,no,no,,,variable,分類を表す列。,
SF00035,02_problem_features,problem_features,4,name_ja,日本語名,varchar,conditional,no,no,,,変数領域,日本語名を表す列。,
SF00036,02_problem_features,problem_features,5,name_en,英語名,varchar,conditional,no,no,,,Variable domain,英語名を表す列。,
SF00037,02_problem_features,problem_features,6,value_type,値 種別,varchar,conditional,no,no,,,enum,値 種別を表す列。,
SF00038,02_problem_features,problem_features,7,unit,unit,varchar,no,no,no,,,count,unitを表す列。,
SF00039,02_problem_features,problem_features,8,allowed_vocab_id,allowed vocab ID,varchar,no,no,no,,,F_VARIABLE_DOMAIN_values,allowed vocab IDを表す列。,
SF00040,02_problem_features,problem_features,9,definition,定義,text,conditional,no,no,,,変数領域,定義を表す列。,
SF00041,02_problem_features,problem_features,10,why_it_matters,why it matters,varchar,conditional,no,no,,,手法・実装・保証・計算費の選択を変える。,why it mattersを表す列。,
SF00042,02_problem_features,problem_features,11,boundary_notes,boundary 注意,text,no,no,no,,,,boundary 注意を表す列。,
SF00043,02_problem_features,problem_features,12,source_ids,根拠情報源ID,id_list_text,conditional,no,no,,,S054;S056,Supporting sources; canonical row-level provenance is in 27_evidence_links.,Use canonical bridge table instead of parsing list text.
SF00044,02_problem_features,problem_features,13,confidence,確信度,varchar,conditional,no,no,,confidence,high,"Confidence in the recorded claim, not algorithm success probability.",
SF00045,02_problem_features,problem_features,14,last_verified,最終確認日,date,conditional,no,no,,,2026-07-13,Date on which time-sensitive facts or mappings were last checked.,
SF00046,03_feature_values,feature_values,1,feature_value_id,特徴値ID,varchar,yes,yes,no,,,FV0001,特徴値IDを表す列。,
SF00047,03_feature_values,feature_values,2,feature_id,特徴ID,varchar,yes,no,yes,02_problem_features.feature_id,,F_VARIABLE_DOMAIN,特徴IDを表す列。,
SF00048,03_feature_values,feature_values,3,value_code,値 code,varchar,conditional,no,no,,,continuous,値 codeを表す列。,
SF00049,03_feature_values,feature_values,4,label_ja,label 日本語,varchar,conditional,no,no,,,連続,label 日本語を表す列。,
SF00050,03_feature_values,feature_values,5,label_en,label 英語,varchar,conditional,no,no,,,Continuous,label 英語を表す列。,
SF00051,03_feature_values,feature_values,6,sort_order,sort order,integer,conditional,no,no,,,1,sort orderを表す列。,
SF00052,03_feature_values,feature_values,7,definition,定義,text,conditional,no,no,,,連続,定義を表す列。,
SF00053,03_feature_values,feature_values,8,lower_bound,lower bound,varchar,no,no,no,,,,lower boundを表す列。,
SF00054,03_feature_values,feature_values,9,upper_bound,upper bound,varchar,no,no,no,,,,upper boundを表す列。,
SF00055,03_feature_values,feature_values,10,unit,unit,varchar,no,no,no,,,,unitを表す列。,
SF00056,03_feature_values,feature_values,11,conditions,条件,text,no,no,no,,,,条件を表す列。,
SF00057,03_feature_values,feature_values,12,notes,注意事項,text,no,no,no,,,,注意事項を表す列。,
SF00058,04_methods,methods,1,method_id,手法ID,varchar,yes,yes,no,,,MF_SMOOTH_LOCAL,手法IDを表す列。,
SF00059,04_methods,methods,2,name_ja,日本語名,varchar,conditional,no,no,,,滑らかな局所連続最適化,日本語名を表す列。,
SF00060,04_methods,methods,3,name_en,英語名,varchar,conditional,no,no,,,Smooth local continuous optimization,英語名を表す列。,
SF00061,04_methods,methods,4,aliases,別名,varchar,no,no,no,,,steepest descent,別名を表す列。,
SF00062,04_methods,methods,5,method_family_id,手法family ID,varchar,yes,no,yes,04_methods.method_id,,MF_SMOOTH_LOCAL,手法family IDを表す列。,
SF00063,04_methods,methods,6,method_level,手法階層,varchar,conditional,no,no,,method_level,family,手法階層を表す列。,
SF00064,04_methods,methods,7,summary,概要,text,conditional,no,no,,,滑らかな連続目的に対し、勾配・曲率・線探索を利用して局所停留点を求める手法群。,概要を表す列。,
SF00065,04_methods,methods,8,problem_classes,問題 classes,varchar,conditional,no,no,,,連続;滑らか;局所最適化,問題 classesを表す列。,
SF00066,04_methods,methods,9,required_assumptions,必須 前提,varchar,conditional,no,no,,,目的が局所的に十分滑らか。微分情報または信頼できる近似が利用可能。,必須 前提を表す列。,
SF00067,04_methods,methods,10,derivative_information,微分 情報,varchar,conditional,no,no,,,gradient;optional_hessian_or_hvp,微分 情報を表す列。,
SF00068,04_methods,methods,11,variable_types,変数 types,varchar,conditional,no,no,,,continuous,変数 typesを表す列。,
SF00069,04_methods,methods,12,constraint_support,制約 対応,varchar,conditional,no,no,,,unconstrained;bounds_by_variant,制約 対応を表す列。,
SF00070,04_methods,methods,13,convex_fit,convex 適合,varchar,conditional,no,no,,,strong,convex 適合を表す列。,
SF00071,04_methods,methods,14,nonconvex_applicability,非凸 適用性,varchar,conditional,no,no,,,yes_local_only,非凸 適用性を表す列。,
SF00072,04_methods,methods,15,solution_scope,解 範囲,varchar,conditional,no,no,,solution_scope,local,解 範囲を表す列。,
SF00073,04_methods,methods,16,determinism,決定性,varchar,conditional,no,no,,determinism,deterministic,決定性を表す列。,
SF00074,04_methods,methods,17,exactness,厳密性,varchar,conditional,no,no,,exactness,local_numerical,厳密性を表す列。,
SF00075,04_methods,methods,18,theoretical_guarantee,理論 保証,varchar,conditional,no,no,,,仮定下で停留点への収束。凸なら大域解、強凸なら一意解に関する保証を持つ変種がある。,理論 保証を表す列。,
SF00076,04_methods,methods,19,optimality_certificate,最適性 証明,varchar,conditional,no,no,,,first_order_residual;second_order_optional,最適性 証明を表す列。,
SF00077,04_methods,methods,20,scalability,拡張性,varchar,conditional,no,no,,,medium_to_very_high_by_variant,拡張性を表す列。,
SF00078,04_methods,methods,21,memory_tendency,memory 傾向,varchar,conditional,no,no,,,low_to_high_by_curvature_model,memory 傾向を表す列。,
SF00079,04_methods,methods,22,per_iteration_cost,毎 反復 費用,varchar,conditional,no,no,,,勾配と線形代数。Hessian利用時は高い。,毎 反復 費用を表す列。,
SF00080,04_methods,methods,23,evaluation_pattern,評価 pattern,varchar,conditional,no,no,,,1回以上の目的・勾配評価。線探索で追加評価。,評価 patternを表す列。,
SF00081,04_methods,methods,24,parallelism,parallelism,varchar,conditional,no,no,,,limited_with_linear_algebra_parallelism,parallelismを表す列。,
SF00082,04_methods,methods,25,initialization_sensitivity,初期化 感度,varchar,conditional,no,no,,,medium_nonconvex,初期化 感度を表す列。,
SF00083,04_methods,methods,26,hyperparameter_sensitivity,hyperparameter 感度,varchar,conditional,no,no,,,low_to_medium,hyperparameter 感度を表す列。,
SF00084,04_methods,methods,27,scaling_sensitivity,scaling 感度,varchar,conditional,no,no,,,high,scaling 感度を表す列。,
SF00085,04_methods,methods,28,noise_robustness,noise 耐性,varchar,conditional,no,no,,,low,noise 耐性を表す列。,
SF00086,04_methods,methods,29,discontinuity_robustness,不連続 耐性,varchar,conditional,no,no,,,low,不連続 耐性を表す列。,
SF00087,04_methods,methods,30,constraint_violation_handling,制約 違反 処理,varchar,conditional,no,no,,,family_dependent,制約 違反 処理を表す列。,
SF00088,04_methods,methods,31,warm_start,warm start,varchar,conditional,no,no,,,yes,warm startを表す列。,
SF00089,04_methods,methods,32,online_use,online 利用,varchar,conditional,no,no,,,conditional,online 利用を表す列。,
SF00090,04_methods,methods,33,strengths,長所,text,conditional,no,no,,,滑らかな問題で少ない評価回数;精度を上げやすい;停止診断が明確,長所を表す列。,
SF00091,04_methods,methods,34,weaknesses,短所,text,conditional,no,no,,,局所解;微分誤りとスケーリングに弱い;不連続・強いノイズに不向き,短所を表す列。,
SF00092,04_methods,methods,35,typical_failures,典型 失敗,text,conditional,no,no,,,line_search_failure;bad_gradient;ill_conditioning;saddle_point,典型 失敗を表す列。,
SF00093,04_methods,methods,36,avoid_conditions,回避 条件,text,conditional,no,no,,,不連続;評価ノイズが勾配を支配;離散変数,回避 条件を表す列。,
SF00094,04_methods,methods,37,first_choice_conditions,第一 候補 条件,text,conditional,no,no,,,滑らかで信頼できる勾配があり、局所解でよい。,第一 候補 条件を表す列。,
SF00095,04_methods,methods,38,second_choice_conditions,second 候補 条件,text,conditional,no,no,,,数値微分が安価か、自動微分を追加できる。,second 候補 条件を表す列。,
SF00096,04_methods,methods,39,switch_signals,切替 兆候,varchar,conditional,no,no,,,勾配検査不一致;反復停滞;線探索失敗;初期値で解が大きく変わる。,切替 兆候を表す列。,
SF00097,04_methods,methods,40,beginner_level,初心者 水準,varchar,conditional,no,no,,,medium,初心者 水準を表す列。,
SF00098,04_methods,methods,41,tuning_difficulty,調整 難易度,varchar,conditional,no,no,,,medium,調整 難易度を表す列。,
SF00099,04_methods,methods,42,implementation_difficulty,実装 難易度,varchar,conditional,no,no,,,medium,実装 難易度を表す列。,
SF00100,04_methods,methods,43,explainability,説明性,varchar,conditional,no,no,,,high,説明性を表す列。,
SF00101,04_methods,methods,44,stopping_criteria,停止 基準,text,conditional,no,no,,,gradient_norm;step_norm;objective_change;budget,停止 基準を表す列。,
SF00102,04_methods,methods,45,diagnostic_metrics,診断 指標,varchar,conditional,no,no,,,gradient_norm;line_search_steps;condition_estimate;function_evaluations,診断 指標を表す列。,
SF00103,04_methods,methods,46,related_method_ids,関連 手法 ids,id_list_text,no,no,no,,,,関連 手法 idsを表す列。,Use canonical bridge table instead of parsing list text.
SF00104,04_methods,methods,47,parent_method_id,親手法ID,varchar,conditional,no,yes,04_methods.method_id,,MF_SMOOTH_LOCAL,親手法IDを表す列。,Nullable by design: absent when not applicable or when the relation is scenario-specific.
SF00105,04_methods,methods,48,child_method_ids,子手法ID一覧,id_list_text,no,no,no,,,M_GRADIENT_DESCENT;M_NLCG;M_NEWTON;M_NEWTON_CG;M_BFGS;M_LBFGS;M_LBFGSB,Convenience denormalization; canonical relation is 05_method_hierarchy.,Use canonical bridge table instead of parsing list text.
SF00106,04_methods,methods,49,reference_source_ids,参照 情報源 ids,id_list_text,conditional,no,no,,,S002;S056;S057,参照 情報源 idsを表す列。,Use canonical bridge table instead of parsing list text.
SF00107,04_methods,methods,50,confidence,確信度,varchar,conditional,no,no,,confidence,high,"Confidence in the recorded claim, not algorithm success probability.",
SF00108,04_methods,methods,51,last_verified,最終確認日,date,conditional,no,no,,,2026-07-13,Date on which time-sensitive facts or mappings were last checked.,
SF00109,05_method_hierarchy,method_hierarchy,1,hierarchy_id,hierarchy ID,varchar,yes,yes,no,,,MH0001,hierarchy IDを表す列。,
SF00110,05_method_hierarchy,method_hierarchy,2,parent_method_id,親手法ID,varchar,yes,no,yes,04_methods.method_id,,MF_SMOOTH_LOCAL,親手法IDを表す列。,
SF00111,05_method_hierarchy,method_hierarchy,3,child_method_id,子 手法 ID,varchar,yes,no,yes,04_methods.method_id,,M_GRADIENT_DESCENT,子 手法 IDを表す列。,
SF00112,05_method_hierarchy,method_hierarchy,4,relation_type,関係 種別,varchar,conditional,no,no,,relation_type,is_a,関係 種別を表す列。,
SF00113,05_method_hierarchy,method_hierarchy,5,depth,深さ,integer,conditional,no,no,,,1,深さを表す列。,
SF00114,05_method_hierarchy,method_hierarchy,6,is_primary_parent,である 主要 親,varchar,conditional,no,no,,,yes,である 主要 親を表す列。,
SF00115,05_method_hierarchy,method_hierarchy,7,rationale,根拠,text,conditional,no,no,,,Gradient descent is classified under Smooth local continuous optimization.,根拠を表す列。,
SF00116,05_method_hierarchy,method_hierarchy,8,source_ids,根拠情報源ID,id_list_text,conditional,no,no,,,S002;S056;S057,Supporting sources; canonical row-level provenance is in 27_evidence_links.,Use canonical bridge table instead of parsing list text.
SF00117,05_method_hierarchy,method_hierarchy,9,confidence,確信度,varchar,conditional,no,no,,confidence,high,"Confidence in the recorded claim, not algorithm success probability.",
SF00118,05_method_hierarchy,method_hierarchy,10,last_verified,最終確認日,date,conditional,no,no,,,2026-07-13,Date on which time-sensitive facts or mappings were last checked.,
SF00119,06_implementations,implementations,1,implementation_id,実装ID,varchar,yes,yes,no,,,I_SCIPY_BFGS,実装IDを表す列。,
SF00120,06_implementations,implementations,2,library_name,library 名称,varchar,conditional,no,no,,,SciPy,library 名称を表す列。,
SF00121,06_implementations,implementations,3,solver_name,solver 名称,varchar,conditional,no,no,,,BFGS,solver 名称を表す列。,
SF00122,06_implementations,implementations,4,api_name,API 名称,varchar,conditional,no,no,,,scipy.optimize.minimize,API 名称を表す列。,
SF00123,06_implementations,implementations,5,method_selector,手法 指定名,varchar,no,no,no,,,BFGS,手法 指定名を表す列。,
SF00124,06_implementations,implementations,6,language,言語,varchar,conditional,no,no,,,Python,言語を表す列。,
SF00125,06_implementations,implementations,7,license,license,varchar,conditional,no,no,,,BSD-3-Clause,licenseを表す列。,
SF00126,06_implementations,implementations,8,commercial_model,商用 model,varchar,conditional,no,no,,commercial_model,open_source,商用 modelを表す列。,
SF00127,06_implementations,implementations,9,free_use_conditions,無償 利用 条件,text,conditional,no,no,,,Open-source license terms apply.,無償 利用 条件を表す列。,
SF00128,06_implementations,implementations,10,open_source,open 情報源,varchar,conditional,no,no,,truth_status,yes,open 情報源を表す列。,
SF00129,06_implementations,implementations,11,os_support,OS 対応,varchar,conditional,no,no,,,cross_platform,OS 対応を表す列。,
SF00130,06_implementations,implementations,12,problem_formats,問題 形式,varchar,conditional,no,no,,,smooth unconstrained,問題 形式を表す列。,
SF00131,06_implementations,implementations,13,variable_support,変数 対応,varchar,conditional,no,no,,,continuous,変数 対応を表す列。,
SF00132,06_implementations,implementations,14,constraint_support,制約 対応,varchar,conditional,no,no,,,unconstrained,制約 対応を表す列。,
SF00133,06_implementations,implementations,15,analytic_derivatives,解析 derivatives,varchar,conditional,no,no,,,yes,解析 derivativesを表す列。,
SF00134,06_implementations,implementations,16,autodiff,自動微分,varchar,conditional,no,no,,,no,自動微分を表す列。,
SF00135,06_implementations,implementations,17,numerical_diff,数値 微分,varchar,conditional,no,no,,,yes,数値 微分を表す列。,
SF00136,06_implementations,implementations,18,sparse_support,疎 対応,varchar,conditional,no,no,,,no,疎 対応を表す列。,
SF00137,06_implementations,implementations,19,parallelism,parallelism,varchar,conditional,no,no,,,limited,parallelismを表す列。,
SF00138,06_implementations,implementations,20,gpu_support,GPU 対応,varchar,conditional,no,no,,,no,GPU 対応を表す列。,
SF00139,06_implementations,implementations,21,warm_start,warm start,varchar,conditional,no,no,,,via_initial_guess,warm startを表す列。,
SF00140,06_implementations,implementations,22,callback,callback,varchar,conditional,no,no,,,implementation_dependent,callbackを表す列。,
SF00141,06_implementations,implementations,23,termination_controls,停止 制御,varchar,conditional,no,no,,,tolerance;iteration_limit;time_or_evaluation_limit_by_api,停止 制御を表す列。,
SF00142,06_implementations,implementations,24,initialization,初期化,varchar,conditional,no,no,,,initial_guess_or_model_dependent,初期化を表す列。,
SF00143,06_implementations,implementations,25,constraint_violation_reporting,制約 違反 報告,varchar,conditional,no,no,,,yes,制約 違反 報告を表す列。,
SF00144,06_implementations,implementations,26,optimality_info,最適性 info,varchar,conditional,no,no,,,yes,最適性 infoを表す列。,
SF00145,06_implementations,implementations,27,dual_variables,双対 変数,varchar,conditional,no,no,,,no,双対 変数を表す列。,
SF00146,06_implementations,implementations,28,optimality_gap,最適性 gap,varchar,conditional,no,no,,,no,最適性 gapを表す列。,
SF00147,06_implementations,implementations,29,sensitivity_info,感度 info,varchar,conditional,no,no,,,no,感度 infoを表す列。,
SF00148,06_implementations,implementations,30,status_codes,状態 code,varchar,conditional,no,no,,,yes,状態 codeを表す列。,
SF00149,06_implementations,implementations,31,major_options,主要 option,varchar,conditional,no,no,,,tolerances;limits;scaling;verbosity;method_specific_options,主要 optionを表す列。,
SF00150,06_implementations,implementations,32,default_safety,既定 安全性,varchar,conditional,no,no,,,conditional,既定 安全性を表す列。,
SF00151,06_implementations,implementations,33,documentation_quality,文書 品質,varchar,conditional,no,no,,,high,文書 品質を表す列。,
SF00152,06_implementations,implementations,34,beginner_usability,初心者 使いやすさ,varchar,conditional,no,no,,,high,初心者 使いやすさを表す列。,
SF00153,06_implementations,implementations,35,maintenance_status,maintenance 状態,varchar,conditional,no,no,,maintenance_status,active_docs_verified,maintenance 状態を表す列。,
SF00154,06_implementations,implementations,36,last_release,最終 release,varchar,conditional,no,no,,,unknown,最終 releaseを表す列。,
SF00155,06_implementations,implementations,37,last_verified,最終確認日,date,conditional,no,no,,,2026-07-13,Date on which time-sensitive facts or mappings were last checked.,
SF00156,06_implementations,implementations,38,official_docs_url,公式文書URL,url,conditional,no,no,,,https://docs.scipy.org/doc/scipy/reference/optimize.html,公式文書URLを表す列。,
SF00157,06_implementations,implementations,39,official_repo_url,公式repository URL,url,no,no,no,,,https://github.com/scipy/scipy,公式repository URLを表す列。,
SF00158,06_implementations,implementations,40,usage_example,使用 例,varchar,conditional,no,no,,,"scipy.optimize.minimize(..., method='BFGS')",使用 例を表す列。,
SF00159,06_implementations,implementations,41,notes,注意事項,text,no,no,no,,,APIが受け付けることと実務適合性を区別する。methodごとに制約・微分・statusが異なる。,注意事項を表す列。,
SF00160,06_implementations,implementations,42,supported_method_ids,対応手法ID一覧,id_list_text,conditional,no,no,,,M_BFGS,Convenience denormalization; canonical relation is 09_method_implementation_map.,Use canonical bridge table instead of parsing list text.
SF00161,06_implementations,implementations,43,implementation_differences,実装 差異,varchar,no,no,no,,,,実装 差異を表す列。,
SF00162,06_implementations,implementations,44,source_ids,根拠情報源ID,id_list_text,conditional,no,no,,,S001;S002,Supporting sources; canonical row-level provenance is in 27_evidence_links.,Use canonical bridge table instead of parsing list text.
SF00163,06_implementations,implementations,45,confidence,確信度,varchar,conditional,no,no,,confidence,high,"Confidence in the recorded claim, not algorithm success probability.",
SF00164,07_problem_feature_map,problem_feature_map,1,problem_feature_map_id,問題 特徴 対応 ID,varchar,yes,yes,no,,,PFM00001,問題 特徴 対応 IDを表す列。,
SF00165,07_problem_feature_map,problem_feature_map,2,problem_id,問題ID,varchar,yes,no,yes,01_problem_archetypes.problem_id,,PA001,問題IDを表す列。,
SF00166,07_problem_feature_map,problem_feature_map,3,feature_id,特徴ID,varchar,yes,no,yes,02_problem_features.feature_id,,F_VARIABLE_DOMAIN,特徴IDを表す列。,
SF00167,07_problem_feature_map,problem_feature_map,4,feature_value_id,特徴値ID,varchar,conditional,no,yes,03_feature_values.feature_value_id,,FV0001,特徴値IDを表す列。,Nullable by design: absent when not applicable or when the relation is scenario-specific.
SF00168,07_problem_feature_map,problem_feature_map,5,value_numeric,値 数値,varchar,no,no,no,,,,値 数値を表す列。,
SF00169,07_problem_feature_map,problem_feature_map,6,value_text,値 文字列,varchar,no,no,no,,,discrete,値 文字列を表す列。,
SF00170,07_problem_feature_map,problem_feature_map,7,truth_status,真偽 状態,varchar,conditional,no,no,,truth_status,yes,真偽 状態を表す列。,
SF00171,07_problem_feature_map,problem_feature_map,8,is_defining,である 定義的,varchar,conditional,no,no,,,yes,である 定義的を表す列。,
SF00172,07_problem_feature_map,problem_feature_map,9,conditions,条件,text,no,no,no,,,Archetype-level inferred structure; confirm on the concrete instance.,条件を表す列。,
SF00173,07_problem_feature_map,problem_feature_map,10,confidence,確信度,varchar,conditional,no,no,,confidence,high,"Confidence in the recorded claim, not algorithm success probability.",
SF00174,07_problem_feature_map,problem_feature_map,11,source_ids,根拠情報源ID,id_list_text,conditional,no,no,,,S055;S056,Supporting sources; canonical row-level provenance is in 27_evidence_links.,Use canonical bridge table instead of parsing list text.
SF00175,07_problem_feature_map,problem_feature_map,12,last_verified,最終確認日,date,conditional,no,no,,,2026-07-13,Date on which time-sensitive facts or mappings were last checked.,
SF00176,08_problem_method_fit,problem_method_fit,1,fit_id,適合関係ID,varchar,yes,yes,no,,,PMF00001,適合関係IDを表す列。,
SF00177,08_problem_method_fit,problem_method_fit,2,problem_or_feature_id,問題または特徴ID,varchar,yes,no,yes,01_problem_archetypes.problem_id,,PA001,Polymorphic target ID; current initial data uses problem IDs.,
SF00178,08_problem_method_fit,problem_method_fit,3,target_type,対象 種別,varchar,conditional,no,no,,target_type,problem,対象 種別を表す列。,
SF00179,08_problem_method_fit,problem_method_fit,4,method_id,手法ID,varchar,yes,no,yes,04_methods.method_id,,M_NEWTON,手法IDを表す列。,
SF00180,08_problem_method_fit,problem_method_fit,5,fit_level,適合水準,varchar,conditional,no,no,,fit_level,conditional,Controlled practical suitability; not a single numerical score.,
SF00181,08_problem_method_fit,problem_method_fit,6,beginner_priority,初心者優先度,varchar,conditional,no,no,,beginner_priority,expert_guidance_recommended,Controlled first/second/expert/avoid priority.,
SF00182,08_problem_method_fit,problem_method_fit,7,applicable_conditions,適用可能 条件,text,conditional,no,no,,,滑らかで信頼できる勾配があり、局所解でよい。,適用可能 条件を表す列。,
SF00183,08_problem_method_fit,problem_method_fit,8,required_conditions,必要条件,text,conditional,no,no,,,目的が局所的に十分滑らか。微分情報または信頼できる近似が利用可能。,必要条件を表す列。,
SF00184,08_problem_method_fit,problem_method_fit,9,favorable_conditions,有利条件,text,conditional,no,no,,,滑らかな問題で少ない評価回数;精度を上げやすい;停止診断が明確,有利条件を表す列。,
SF00185,08_problem_method_fit,problem_method_fit,10,unfavorable_conditions,不利条件,text,conditional,no,no,,,局所解;微分誤りとスケーリングに弱い;不連続・強いノイズに不向き,不利条件を表す列。,
SF00186,08_problem_method_fit,problem_method_fit,11,exclusion_conditions,除外条件,text,conditional,no,no,,,不連続;評価ノイズが勾配を支配;離散変数,除外条件を表す列。,
SF00187,08_problem_method_fit,problem_method_fit,12,expected_strengths,想定 長所,text,conditional,no,no,,,滑らかな問題で少ない評価回数;精度を上げやすい;停止診断が明確,想定 長所を表す列。,
SF00188,08_problem_method_fit,problem_method_fit,13,expected_weaknesses,想定 短所,text,conditional,no,no,,,局所解;微分誤りとスケーリングに弱い;不連続・強いノイズに不向き,想定 短所を表す列。,
SF00189,08_problem_method_fit,problem_method_fit,14,evaluation_budget_notes,評価 予算 注意,text,conditional,no,no,,,目的・制約・微分の各評価回数と総wall-clockを分けて記録。,評価 予算 注意を表す列。,
SF00190,08_problem_method_fit,problem_method_fit,15,dimensionality_notes,次元 注意,text,conditional,no,no,,,固定閾値ではなく、評価費・疎性・derivative費との積で規模を判断。,次元 注意を表す列。,
SF00191,08_problem_method_fit,problem_method_fit,16,noise_notes,noise 注意,text,conditional,no,no,,,決定論性をseed固定だけで断定せず、内部並列・停止条件を確認。,noise 注意を表す列。,
SF00192,08_problem_method_fit,problem_method_fit,17,constraint_notes,制約 注意,text,conditional,no,no,,,制約なし。暗黙のdomain failureやboundsが実質制約になっていないか確認。,制約 注意を表す列。,
SF00193,08_problem_method_fit,problem_method_fit,18,initialization_notes,初期化 注意,text,conditional,no,no,,,initialization sensitivity=high。複数startまたはwarm startの必要性をproblem instanceで確認。,初期化 注意を表す列。,
SF00194,08_problem_method_fit,problem_method_fit,19,guarantee_notes,保証 注意,text,conditional,no,no,,,要求される大域証明/gapをこの手法単独では満たさない。候補解生成またはupper bound用途に限定。,保証 注意を表す列。,
SF00195,08_problem_method_fit,problem_method_fit,20,tuning_notes,調整 注意,text,conditional,no,no,,,tuning difficulty=medium。停止条件は gradient_norm;step_norm;objective_change;budget。,調整 注意を表す列。,
SF00196,08_problem_method_fit,problem_method_fit,21,rationale,根拠,text,conditional,no,no,,,閉形式解候補の主要特徴（general_nonlinear、unconstrained、analytic_gradient、cheap）に対し、Newton法は滑らかな問題で少ない評価回数;精度を上げやすい;停止診断が明確。ただし局所解;微分誤りとスケーリングに弱い;不連続・強いノイズに不向き。 汎用最適化の前に ALT_CLOSED_FORM;ALT_SYMBOLIC を確認する。,根拠を表す列。,
SF00197,08_problem_method_fit,problem_method_fit,22,evidence_source_ids,根拠情報源ID,id_list_text,conditional,no,no,,,S055;S056;S002;S057,Sources supporting this conditional fit relation.,Use canonical bridge table instead of parsing list text.
SF00198,08_problem_method_fit,problem_method_fit,23,confidence,確信度,varchar,conditional,no,no,,confidence,medium,"Confidence in the recorded claim, not algorithm success probability.",
SF00199,08_problem_method_fit,problem_method_fit,24,last_verified,最終確認日,date,conditional,no,no,,,2026-07-13,Date on which time-sensitive facts or mappings were last checked.,
SF00200,09_method_implementation_map,method_implementation_map,1,method_implementation_map_id,手法 実装 対応 ID,varchar,yes,yes,no,,,MIM00001,手法 実装 対応 IDを表す列。,
SF00201,09_method_implementation_map,method_implementation_map,2,method_id,手法ID,varchar,yes,no,yes,04_methods.method_id,,M_BFGS,手法IDを表す列。,
SF00202,09_method_implementation_map,method_implementation_map,3,implementation_id,実装ID,varchar,yes,no,yes,06_implementations.implementation_id,,I_SCIPY_BFGS,実装IDを表す列。,
SF00203,09_method_implementation_map,method_implementation_map,4,support_level,対応 水準,varchar,conditional,no,no,,support_level,native,対応 水準を表す列。,
SF00204,09_method_implementation_map,method_implementation_map,5,api_name,API 名称,varchar,conditional,no,no,,,scipy.optimize.minimize,API 名称を表す列。,
SF00205,09_method_implementation_map,method_implementation_map,6,method_selector,手法 指定名,varchar,no,no,no,,,BFGS,手法 指定名を表す列。,
SF00206,09_method_implementation_map,method_implementation_map,7,implementation_notes,実装 注意,text,no,no,no,,,APIが受け付けることと実務適合性を区別する。methodごとに制約・微分・statusが異なる。,実装 注意を表す列。,
SF00207,09_method_implementation_map,method_implementation_map,8,limitations,limitations,varchar,conditional,no,no,,,機能・status・optionはversionとbackendで確認。実装対応は一般的推奨を意味しない。,limitationsを表す列。,
SF00208,09_method_implementation_map,method_implementation_map,9,source_ids,根拠情報源ID,id_list_text,conditional,no,no,,,S001;S002,Supporting sources; canonical row-level provenance is in 27_evidence_links.,Use canonical bridge table instead of parsing list text.
SF00209,09_method_implementation_map,method_implementation_map,10,confidence,確信度,varchar,conditional,no,no,,confidence,high,"Confidence in the recorded claim, not algorithm success probability.",
SF00210,09_method_implementation_map,method_implementation_map,11,last_verified,最終確認日,date,conditional,no,no,,,2026-07-13,Date on which time-sensitive facts or mappings were last checked.,
SF00211,10_decision_questions,decision_questions,1,question_id,質問ID,varchar,yes,yes,no,,,Q01,質問IDを表す列。,
SF00212,10_decision_questions,decision_questions,2,sequence,順序,integer,conditional,no,no,,,1,順序を表す列。,
SF00213,10_decision_questions,decision_questions,3,parent_question_id,親 question ID,varchar,no,no,no,,,,親 question IDを表す列。,
SF00214,10_decision_questions,decision_questions,4,question_ja,日本語質問,varchar,conditional,no,no,,,変数は連続・整数・0-1・カテゴリ・混合のどれですか？,日本語質問を表す列。,
SF00215,10_decision_questions,decision_questions,5,question_en,英語質問,varchar,conditional,no,no,,,What variable types are present?,英語質問を表す列。,
SF00216,10_decision_questions,decision_questions,6,beginner_wording,初心者 wording,varchar,conditional,no,no,,,変数は連続・整数・0-1・カテゴリ・混合のどれですか？,初心者 wordingを表す列。,
SF00217,10_decision_questions,decision_questions,7,answer_type,answer 種別,varchar,conditional,no,no,,,single_choice,answer 種別を表す列。,
SF00218,10_decision_questions,decision_questions,8,allowed_answers,allowed answers,varchar,conditional,no,no,,,continuous;integer;binary;categorical;mixed;structured_or_unknown,allowed answersを表す列。,
SF00219,10_decision_questions,decision_questions,9,mapped_feature_id,mapped 特徴 ID,varchar,yes,no,yes,02_problem_features.feature_id,,F_VARIABLE_DOMAIN,mapped 特徴 IDを表す列。,
SF00220,10_decision_questions,decision_questions,10,why_asked,why asked,varchar,conditional,no,no,,,変数型は利用できるsolver familyを最初に大きく分ける。,why askedを表す列。,
SF00221,10_decision_questions,decision_questions,11,show_conditions,show 条件,text,no,no,no,,,,show 条件を表す列。,
SF00222,10_decision_questions,decision_questions,12,expert_note,expert note,varchar,no,no,no,,,relaxation/encodingで変換可能でも、元の可行性と保証を失わないか確認。,expert noteを表す列。,
SF00223,10_decision_questions,decision_questions,13,required,必須性,varchar,conditional,no,no,,,yes,必須性を表す列。,
SF00224,10_decision_questions,decision_questions,14,source_ids,根拠情報源ID,id_list_text,conditional,no,no,,,S054;S055;S056,Supporting sources; canonical row-level provenance is in 27_evidence_links.,Use canonical bridge table instead of parsing list text.
SF00225,10_decision_questions,decision_questions,15,confidence,確信度,varchar,conditional,no,no,,confidence,high,"Confidence in the recorded claim, not algorithm success probability.",
SF00226,10_decision_questions,decision_questions,16,last_verified,最終確認日,date,conditional,no,no,,,2026-07-13,Date on which time-sensitive facts or mappings were last checked.,
SF00227,11_decision_rules,decision_rules,1,rule_id,ルールID,varchar,yes,yes,no,,,R001,ルールIDを表す列。,
SF00228,11_decision_rules,decision_rules,2,question_id,質問ID,varchar,yes,no,yes,10_decision_questions.question_id,,Q01,質問IDを表す列。,
SF00229,11_decision_rules,decision_rules,3,answer_condition,回答条件,varchar,conditional,no,no,,,continuous,回答条件を表す列。,
SF00230,11_decision_rules,decision_rules,4,condition_expression,条件式,varchar,conditional,no,no,,,answer(Q01) contains 'continuous',条件式を表す列。,
SF00231,11_decision_rules,decision_rules,5,action_type,action種別,text,conditional,no,no,,rule_action_type,include_problem,action種別を表す列。,
SF00232,11_decision_rules,decision_rules,7,action_target_ids,対象ID一覧,id_list_text,conditional,no,no,,,PA006;PA007;PA008;PA009,対象ID一覧を表す列。,Use canonical bridge table instead of parsing list text.
SF00233,11_decision_rules,decision_rules,8,priority_effect,優先度効果,varchar,conditional,no,no,,,candidate,優先度効果を表す列。,
SF00234,11_decision_rules,decision_rules,9,explanation,説明,text,conditional,no,no,,,連続最適化familyを候補にする。,説明を表す列。,
SF00235,11_decision_rules,decision_rules,10,warnings,警告,text,no,no,no,,,連続緩和の丸めだけでは可行性・証明を保証しない。,警告を表す列。,
SF00236,11_decision_rules,decision_rules,11,next_question_id,次質問ID,varchar,no,no,no,,,Q02,次質問IDを表す列。,
SF00237,11_decision_rules,decision_rules,12,stop_or_continue,停止 or 継続,varchar,conditional,no,no,,,continue,停止 or 継続を表す列。,
SF00238,11_decision_rules,decision_rules,13,source_ids,根拠情報源ID,id_list_text,conditional,no,no,,,S054;S055;S056,Supporting sources; canonical row-level provenance is in 27_evidence_links.,Use canonical bridge table instead of parsing list text.
SF00239,11_decision_rules,decision_rules,14,confidence,確信度,varchar,conditional,no,no,,confidence,high,"Confidence in the recorded claim, not algorithm success probability.",
SF00240,11_decision_rules,decision_rules,15,last_verified,最終確認日,date,conditional,no,no,,,2026-07-13,Date on which time-sensitive facts or mappings were last checked.,
SF00241,12_failure_modes,failure_modes,1,failure_mode_id,失敗パターンID,varchar,yes,yes,no,,,FM001,失敗パターンIDを表す列。,
SF00242,12_failure_modes,failure_modes,2,name_ja,日本語名,varchar,conditional,no,no,,,gradient実装誤り,日本語名を表す列。,
SF00243,12_failure_modes,failure_modes,3,name_en,英語名,varchar,conditional,no,no,,,Incorrect gradient,英語名を表す列。,
SF00244,12_failure_modes,failure_modes,4,category,分類,varchar,conditional,no,no,,,derivative,分類を表す列。,
SF00245,12_failure_modes,failure_modes,5,applies_to_method_ids,適用 to 手法 ids,id_list_text,conditional,no,no,,,M_BFGS;M_LBFGS;M_SQP;M_INTERIOR_POINT_NLP,適用 to 手法 idsを表す列。,Use canonical bridge table instead of parsing list text.
SF00246,12_failure_modes,failure_modes,6,applies_to_problem_ids,適用 to 問題 ids,id_list_text,no,no,no,,,,適用 to 問題 idsを表す列。,Use canonical bridge table instead of parsing list text.
SF00247,12_failure_modes,failure_modes,7,symptoms,症状,text,conditional,no,no,,,gradient check不一致、line search失敗,症状を表す列。,
SF00248,12_failure_modes,failure_modes,8,root_causes,根本原因,text,conditional,no,no,,,chain rule、index、sign、batch aggregation誤り,根本原因を表す列。,
SF00249,12_failure_modes,failure_modes,9,diagnostic_ids,診断 ids,id_list_text,conditional,no,no,,,D001,診断 idsを表す列。,Use canonical bridge table instead of parsing list text.
SF00250,12_failure_modes,failure_modes,10,severity,重大度,varchar,conditional,no,no,,severity,critical,重大度を表す列。,
SF00251,12_failure_modes,failure_modes,11,impact,影響,text,conditional,no,no,,,解の品質・可行性・保証・計算費・再現性のいずれかを損なう。,影響を表す列。,
SF00252,12_failure_modes,failure_modes,12,prevention,予防,varchar,conditional,no,no,,,directional checkとunit test,予防を表す列。,
SF00253,12_failure_modes,failure_modes,13,remediation,修復,varchar,conditional,no,no,,,derivative修正、AD比較,修復を表す列。,
SF00254,12_failure_modes,failure_modes,14,switch_condition,切替条件,varchar,conditional,no,no,,,修正不能ならDFOへ,切替条件を表す列。,
SF00255,12_failure_modes,failure_modes,15,source_ids,根拠情報源ID,id_list_text,conditional,no,no,,,S002;S056,Supporting sources; canonical row-level provenance is in 27_evidence_links.,Use canonical bridge table instead of parsing list text.
SF00256,12_failure_modes,failure_modes,16,confidence,確信度,varchar,conditional,no,no,,confidence,high,"Confidence in the recorded claim, not algorithm success probability.",
SF00257,12_failure_modes,failure_modes,17,last_verified,最終確認日,date,conditional,no,no,,,2026-07-13,Date on which time-sensitive facts or mappings were last checked.,
SF00258,13_diagnostics,diagnostics,1,diagnostic_id,診断ID,varchar,yes,yes,no,,,D001,診断IDを表す列。,
SF00259,13_diagnostics,diagnostics,2,name_ja,日本語名,varchar,conditional,no,no,,,勾配整合性,日本語名を表す列。,
SF00260,13_diagnostics,diagnostics,3,name_en,英語名,varchar,conditional,no,no,,,Gradient consistency,英語名を表す列。,
SF00261,13_diagnostics,diagnostics,4,category,分類,varchar,conditional,no,no,,,derivative,分類を表す列。,
SF00262,13_diagnostics,diagnostics,5,metric_name,指標名,varchar,conditional,no,no,,,relative_gradient_error,指標名を表す列。,
SF00263,13_diagnostics,diagnostics,6,definition_or_formula,定義または式,text,conditional,no,no,,,"||g_reported-g_check|| / max(1,||g_reported||,||g_check||)",定義または式を表す列。,
SF00264,13_diagnostics,diagnostics,7,interpretation,解釈,text,conditional,no,no,,,小さいほど良い。directional derivativeを複数方向で確認。,解釈を表す列。,
SF00265,13_diagnostics,diagnostics,8,warning_threshold,警告基準,varchar,conditional,no,no,,,問題scaleに依存。目安を固定せずfinite-difference truncation/noise floorと比較。,警告基準を表す列。,
SF00266,13_diagnostics,diagnostics,9,recommended_action,推奨action,text,conditional,no,no,,,微分実装・step・AD graphを修正。,推奨actionを表す列。,
SF00267,13_diagnostics,diagnostics,10,collection_cost,収集 費用,varchar,conditional,no,no,,,moderate,収集 費用を表す列。,
SF00268,13_diagnostics,diagnostics,11,applicable_method_ids,適用可能 手法 ids,id_list_text,no,no,no,,,M_BFGS;M_LBFGS;M_SQP;M_INTERIOR_POINT_NLP,適用可能 手法 idsを表す列。,Use canonical bridge table instead of parsing list text.
SF00269,13_diagnostics,diagnostics,12,applicable_problem_ids,適用可能 問題 ids,id_list_text,no,no,no,,,,適用可能 問題 idsを表す列。,Use canonical bridge table instead of parsing list text.
SF00270,13_diagnostics,diagnostics,13,related_failure_mode_ids,関連 失敗 mode ids,id_list_text,no,no,no,,,FM001,関連 失敗 mode idsを表す列。,Use canonical bridge table instead of parsing list text.
SF00271,13_diagnostics,diagnostics,14,source_ids,根拠情報源ID,id_list_text,conditional,no,no,,,S002;S056,Supporting sources; canonical row-level provenance is in 27_evidence_links.,Use canonical bridge table instead of parsing list text.
SF00272,13_diagnostics,diagnostics,15,confidence,確信度,varchar,conditional,no,no,,confidence,high,"Confidence in the recorded claim, not algorithm success probability.",
SF00273,13_diagnostics,diagnostics,16,last_verified,最終確認日,date,conditional,no,no,,,2026-07-13,Date on which time-sensitive facts or mappings were last checked.,
SF00274,14_example_cases,example_cases,1,case_id,シナリオID,varchar,yes,yes,no,,,EC001,シナリオIDを表す列。,
SF00275,14_example_cases,example_cases,2,title_ja,日本語タイトル,varchar,conditional,no,no,,,滑らかな低次元の制約なし連続最適化,日本語タイトルを表す列。,
SF00276,14_example_cases,example_cases,3,problem_id,問題ID,varchar,yes,no,yes,01_problem_archetypes.problem_id,,PA006,問題IDを表す列。,
SF00277,14_example_cases,example_cases,4,problem_features_summary,問題特徴要約,text,conditional,no,no,,,連続5変数、滑らか、解析勾配あり、評価はms、局所解でよい。,問題特徴要約を表す列。,
SF00278,14_example_cases,example_cases,5,alternative_solution_ids,代替解法ID一覧,id_list_text,conditional,no,no,,,ALT_CLOSED_FORM;ALT_ROOT,代替解法ID一覧を表す列。,Use canonical bridge table instead of parsing list text.
SF00279,14_example_cases,example_cases,6,first_choice_method_id,第一候補手法ID,varchar,yes,no,yes,04_methods.method_id,,M_BFGS,第一候補手法IDを表す列。,
SF00280,14_example_cases,example_cases,7,second_choice_method_id,第二候補手法ID,varchar,yes,no,yes,04_methods.method_id,,M_TRUST_EXACT,第二候補手法IDを表す列。,
SF00281,14_example_cases,example_cases,8,avoid_method_id,回避手法ID,varchar,yes,no,yes,04_methods.method_id,,M_DIFFERENTIAL_EVOLUTION,回避手法IDを表す列。,
SF00282,14_example_cases,example_cases,9,decision_reason,判断理由,text,conditional,no,no,,,gradientを使うBFGSは評価効率がよく、dense curvatureが許容される。二階情報が正確ならtrust-exact。,判断理由を表す列。,
SF00283,14_example_cases,example_cases,10,additional_information_needed,追加で必要な情報,varchar,conditional,no,no,,,凸性、Hessianの可否、初期値感度。,追加で必要な情報を表す列。,
SF00284,14_example_cases,example_cases,11,representative_implementation_ids,代表実装ID一覧,id_list_text,conditional,no,no,,,I_SCIPY_BFGS;I_OPTIMJL,Convenience list; canonical relation is 25_case_implementation_map.,Use canonical bridge table instead of parsing list text.
SF00285,14_example_cases,example_cases,12,expected_failures,想定失敗,text,conditional,no,no,,,悪いscale、gradient bug、局所解。,想定失敗を表す列。,
SF00286,14_example_cases,example_cases,13,switch_decision,切替判断,varchar,conditional,no,no,,,gradient check不一致なら修正、初期値で異なるならmultistart。,切替判断を表す列。,
SF00287,14_example_cases,example_cases,14,validation_result,検証結果,varchar,conditional,no,no,,validation_result,pass,検証結果を表す列。,
SF00288,14_example_cases,example_cases,15,model_revision_notes,モデル改訂メモ,text,conditional,no,no,,,代替解法precheck、保証種別、評価信頼性、実装/手法分離の各軸で矛盾なし。,モデル改訂メモを表す列。,
SF00289,14_example_cases,example_cases,16,source_ids,根拠情報源ID,id_list_text,conditional,no,no,,,S002;S056;S057;S003,Supporting sources; canonical row-level provenance is in 27_evidence_links.,Use canonical bridge table instead of parsing list text.
SF00290,14_example_cases,example_cases,17,confidence,確信度,varchar,conditional,no,no,,confidence,high,"Confidence in the recorded claim, not algorithm success probability.",
SF00291,14_example_cases,example_cases,18,last_verified,最終確認日,date,conditional,no,no,,,2026-07-13,Date on which time-sensitive facts or mappings were last checked.,
SF00292,15_sources,sources,1,source_id,情報源ID,varchar,yes,yes,no,,,S001,情報源IDを表す列。,
SF00293,15_sources,sources,2,source_type,情報源 種別,varchar,conditional,no,no,,source_type,official_documentation,情報源 種別を表す列。,
SF00294,15_sources,sources,3,title,title,varchar,conditional,no,no,,,SciPy Optimization and root finding,titleを表す列。,
SF00295,15_sources,sources,4,author_or_organization,著者 or 組織,varchar,conditional,no,no,,,SciPy,著者 or 組織を表す列。,
SF00296,15_sources,sources,5,publication_date,公開日,date,no,no,no,,,2004,公開日を表す列。,
SF00297,15_sources,sources,6,accessed_date,参照日,date,conditional,no,no,,,2026-07-13,参照日を表す列。,
SF00298,15_sources,sources,7,url,URL,url,conditional,no,no,,,https://docs.scipy.org/doc/scipy/reference/optimize.html,URLを表す列。,
SF00299,15_sources,sources,8,supported_claim,支持 主張,varchar,conditional,no,no,,,SciPy optimize API分類,支持 主張を表す列。,
SF00300,15_sources,sources,9,source_quality,情報源 品質,varchar,conditional,no,no,,source_quality,primary,情報源 品質を表す列。,
SF00301,15_sources,sources,10,notes,注意事項,text,no,no,no,,,,注意事項を表す列。,
SF00302,15_sources,sources,11,currentness_status,現行性 状態,varchar,conditional,no,no,,currentness_status,verified_current,現行性 状態を表す列。,
SF00303,16_glossary,glossary,1,term_id,用語 ID,varchar,yes,yes,no,,,G001,用語 IDを表す列。,
SF00304,16_glossary,glossary,2,term_ja,用語 日本語,varchar,conditional,no,no,,,最適化問題,用語 日本語を表す列。,
SF00305,16_glossary,glossary,3,term_en,用語 英語,varchar,conditional,no,no,,,Optimization problem,用語 英語を表す列。,
SF00306,16_glossary,glossary,4,definition,定義,text,conditional,no,no,,,目的関数を変数と制約の下で最小化または最大化する問題。,定義を表す列。,
SF00307,16_glossary,glossary,5,common_confusion,共通 混同,varchar,conditional,no,no,,,求根・方程式・可行性・推定と同一とは限らない。,共通 混同を表す列。,
SF00308,16_glossary,glossary,6,related_entity_ids,関連 entity ids,id_list_text,no,no,no,,,,関連 entity idsを表す列。,Use canonical bridge table instead of parsing list text.
SF00309,16_glossary,glossary,7,source_ids,根拠情報源ID,id_list_text,conditional,no,no,,,S054;S055;S056,Supporting sources; canonical row-level provenance is in 27_evidence_links.,Use canonical bridge table instead of parsing list text.
SF00310,16_glossary,glossary,8,confidence,確信度,varchar,conditional,no,no,,confidence,high,"Confidence in the recorded claim, not algorithm success probability.",
SF00311,16_glossary,glossary,9,last_verified,最終確認日,date,conditional,no,no,,,2026-07-13,Date on which time-sensitive facts or mappings were last checked.,
SF00312,17_beginner_view,beginner_view,1,view_id,view ID,varchar,yes,yes,no,,,BV001,view IDを表す列。,
SF00313,17_beginner_view,beginner_view,2,case_id,シナリオID,varchar,yes,no,yes,14_example_cases.case_id,,EC001,シナリオIDを表す列。,
SF00314,17_beginner_view,beginner_view,3,scenario,scenario,varchar,conditional,no,no,,,滑らかな低次元の制約なし連続最適化,scenarioを表す列。,
SF00315,17_beginner_view,beginner_view,4,first_method,第一 手法,varchar,conditional,no,no,,,BFGS法,第一 手法を表す列。,
SF00316,17_beginner_view,beginner_view,5,first_method_id,第一 手法 ID,varchar,yes,no,yes,04_methods.method_id,,M_BFGS,第一 手法 IDを表す列。,
SF00317,17_beginner_view,beginner_view,6,second_method,second 手法,varchar,conditional,no,no,,,厳密trust-region Newton法,second 手法を表す列。,
SF00318,17_beginner_view,beginner_view,7,second_method_id,second 手法 ID,varchar,yes,no,yes,04_methods.method_id,,M_TRUST_EXACT,second 手法 IDを表す列。,
SF00319,17_beginner_view,beginner_view,8,why,why,varchar,conditional,no,no,,,gradientを使うBFGSは評価効率がよく、dense curvatureが許容される。二階情報が正確ならtrust-exact。,whyを表す列。,
SF00320,17_beginner_view,beginner_view,9,check_before_use,確認 before 利用,varchar,conditional,no,no,,,凸性、Hessianの可否、初期値感度。,確認 before 利用を表す列。,
SF00321,17_beginner_view,beginner_view,10,common_failure,共通 失敗,varchar,conditional,no,no,,,悪いscale、gradient bug、局所解。,共通 失敗を表す列。,
SF00322,17_beginner_view,beginner_view,11,switch_condition,切替条件,varchar,conditional,no,no,,,gradient check不一致なら修正、初期値で異なるならmultistart。,切替条件を表す列。,
SF00323,17_beginner_view,beginner_view,12,representative_implementations,representative implementations,varchar,conditional,no,no,,,I_SCIPY_BFGS;I_OPTIMJL,representative implementationsを表す列。,
SF00324,17_beginner_view,beginner_view,13,additional_question,additional question,varchar,conditional,no,no,,,変数型・制約・微分・評価費・noise・次元・保証のうちunknown項目を埋める。,additional questionを表す列。,
SF00325,17_beginner_view,beginner_view,14,confidence,確信度,varchar,conditional,no,no,,confidence,high,"Confidence in the recorded claim, not algorithm success probability.",
SF00326,17_beginner_view,beginner_view,15,last_verified,最終確認日,date,conditional,no,no,,,2026-07-13,Date on which time-sensitive facts or mappings were last checked.,
SF00327,18_advanced_view,advanced_view,1,problem_id,問題ID,varchar,yes,yes,yes,01_problem_archetypes.problem_id,,PA001,問題IDを表す列。,
SF00328,18_advanced_view,advanced_view,2,problem_name_ja,問題 名称 日本語,varchar,conditional,no,no,,,閉形式解候補,問題 名称 日本語を表す列。,
SF00329,18_advanced_view,advanced_view,3,method_id,手法ID,varchar,yes,yes,yes,04_methods.method_id,,M_NEWTON,手法IDを表す列。,
SF00330,18_advanced_view,advanced_view,4,method_name_ja,手法 名称 日本語,varchar,conditional,no,no,,,Newton法,手法 名称 日本語を表す列。,
SF00331,18_advanced_view,advanced_view,5,method_family_id,手法family ID,varchar,conditional,no,no,,,MF_SMOOTH_LOCAL,手法family IDを表す列。,
SF00332,18_advanced_view,advanced_view,6,fit_level,適合水準,varchar,conditional,no,no,,fit_level,conditional,Controlled practical suitability; not a single numerical score.,
SF00333,18_advanced_view,advanced_view,7,beginner_priority,初心者優先度,varchar,conditional,no,no,,beginner_priority,expert_guidance_recommended,Controlled first/second/expert/avoid priority.,
SF00334,18_advanced_view,advanced_view,8,variable_type,変数 種別,varchar,conditional,no,no,,,continuous,変数 種別を表す列。,
SF00335,18_advanced_view,advanced_view,9,objective_structure,目的構造,varchar,conditional,no,no,,,general_nonlinear,目的構造を表す列。,
SF00336,18_advanced_view,advanced_view,10,constraint_structure,制約構造,varchar,conditional,no,no,,,unconstrained,制約構造を表す列。,
SF00337,18_advanced_view,advanced_view,11,convexity,凸性,varchar,conditional,no,no,,,unknown,凸性を表す列。,
SF00338,18_advanced_view,advanced_view,12,smoothness,滑らかさ,varchar,conditional,no,no,,,smooth,滑らかさを表す列。,
SF00339,18_advanced_view,advanced_view,13,derivative_access,微分情報,varchar,conditional,no,no,,,analytic_gradient,微分情報を表す列。,
SF00340,18_advanced_view,advanced_view,14,dimension_context,dimension context,varchar,conditional,no,no,,,very_low,dimension contextを表す列。,
SF00341,18_advanced_view,advanced_view,15,evaluation_cost,評価 費用,varchar,conditional,no,no,,,cheap,評価 費用を表す列。,
SF00342,18_advanced_view,advanced_view,16,noise,noise,varchar,conditional,no,no,,,deterministic,noiseを表す列。,
SF00343,18_advanced_view,advanced_view,17,solution_requirement,解・保証要求,varchar,conditional,no,no,,,global_proof,解・保証要求を表す列。,
SF00344,18_advanced_view,advanced_view,18,required_conditions,必要条件,text,conditional,no,no,,,目的が局所的に十分滑らか。微分情報または信頼できる近似が利用可能。,必要条件を表す列。,
SF00345,18_advanced_view,advanced_view,19,exclusion_conditions,除外条件,text,conditional,no,no,,,不連続;評価ノイズが勾配を支配;離散変数,除外条件を表す列。,
SF00346,18_advanced_view,advanced_view,20,guarantee_notes,保証 注意,text,conditional,no,no,,,要求される大域証明/gapをこの手法単独では満たさない。候補解生成またはupper bound用途に限定。,保証 注意を表す列。,
SF00347,18_advanced_view,advanced_view,21,budget_notes,予算 注意,text,conditional,no,no,,,目的・制約・微分の各評価回数と総wall-clockを分けて記録。,予算 注意を表す列。,
SF00348,18_advanced_view,advanced_view,22,representative_implementation_ids,代表実装ID一覧,id_list_text,no,no,no,,,I_OPTIMJL,Convenience list; canonical relation is 25_case_implementation_map.,Use canonical bridge table instead of parsing list text.
SF00349,18_advanced_view,advanced_view,23,evidence_source_ids,根拠情報源ID,id_list_text,conditional,no,no,,,S055;S056;S002;S057,Sources supporting this conditional fit relation.,Use canonical bridge table instead of parsing list text.
SF00350,18_advanced_view,advanced_view,24,confidence,確信度,varchar,conditional,no,no,,confidence,medium,"Confidence in the recorded claim, not algorithm success probability.",
SF00351,18_advanced_view,advanced_view,25,last_verified,最終確認日,date,conditional,no,no,,,2026-07-13,Date on which time-sensitive facts or mappings were last checked.,
SF00352,19_backlog,backlog,1,backlog_id,backlog ID,varchar,yes,yes,no,,,B001,backlog IDを表す列。,
SF00353,19_backlog,backlog,2,area,area,varchar,conditional,no,no,,,software_metadata,areaを表す列。,
SF00354,19_backlog,backlog,3,priority,優先度,varchar,conditional,no,no,,priority_level,critical,優先度を表す列。,
SF00355,19_backlog,backlog,4,issue,課題,varchar,conditional,no,no,,,NOMAD・Manopt等のexact license fileを一次資料で再確認,課題を表す列。,
SF00356,19_backlog,backlog,5,proposed_action,提案 action,text,conditional,no,no,,,official repository license fileをversion pinして記録,提案 actionを表す列。,
SF00357,19_backlog,backlog,6,acceptance_criteria,受入 基準,text,conditional,no,no,,,license fieldにSPDX idとcommit/dateが入る,受入 基準を表す列。,
SF00358,19_backlog,backlog,7,dependencies,依存,varchar,no,no,no,,,,依存を表す列。,
SF00359,19_backlog,backlog,8,status,状態,varchar,conditional,no,no,,backlog_status,open,状態を表す列。,
SF00360,19_backlog,backlog,9,target_version,対象 version,varchar,conditional,no,no,,,0.2+,対象 versionを表す列。,
SF00361,19_backlog,backlog,10,owner,担当,varchar,conditional,no,no,,,unassigned,担当を表す列。,
SF00362,19_backlog,backlog,11,source_ids,根拠情報源ID,id_list_text,no,no,no,,,,Supporting sources; canonical row-level provenance is in 27_evidence_links.,Use canonical bridge table instead of parsing list text.
SF00363,19_backlog,backlog,12,notes,注意事項,text,no,no,no,,,,注意事項を表す列。,
SF00364,19_backlog,backlog,13,created_date,作成 日付,date,conditional,no,no,,,2026-07-13,作成 日付を表す列。,
SF00365,20_controlled_vocab,controlled_vocab,1,vocab_name,vocab 名称,varchar,yes,yes,no,,,truth_status,vocab 名称を表す列。,
SF00366,20_controlled_vocab,controlled_vocab,2,value_code,値 code,varchar,yes,yes,no,,,yes,値 codeを表す列。,
SF00367,20_controlled_vocab,controlled_vocab,3,label_ja,label 日本語,varchar,conditional,no,no,,,はい,label 日本語を表す列。,
SF00368,20_controlled_vocab,controlled_vocab,4,definition,定義,text,conditional,no,no,,,確認済みの肯定,定義を表す列。,
SF00369,20_controlled_vocab,controlled_vocab,5,sort_order,sort order,integer,conditional,no,no,,,1,sort orderを表す列。,
SF00370,20_controlled_vocab,controlled_vocab,6,deprecated,deprecated,varchar,conditional,no,no,,,no,deprecatedを表す列。,
SF00371,20_controlled_vocab,controlled_vocab,7,notes,注意事項,text,no,no,no,,,,注意事項を表す列。,
SF00372,21_alternative_checks,alternative_solution_checks,1,alternative_id,代替解法ID,varchar,yes,yes,no,,,ALT_CLOSED_FORM,代替解法IDを表す列。,
SF00373,21_alternative_checks,alternative_solution_checks,2,name_ja,日本語名,varchar,conditional,no,no,,,閉形式解,日本語名を表す列。,
SF00374,21_alternative_checks,alternative_solution_checks,3,name_en,英語名,varchar,conditional,no,no,,,Closed-form solution,英語名を表す列。,
SF00375,21_alternative_checks,alternative_solution_checks,4,trigger_conditions,trigger 条件,text,conditional,no,no,,,一階条件・共役・対称性から解析解が得られる,trigger 条件を表す列。,
SF00376,21_alternative_checks,alternative_solution_checks,5,preferred_approach,preferred approach,varchar,conditional,no,no,,,記号計算・解析導出,preferred approachを表す列。,
SF00377,21_alternative_checks,alternative_solution_checks,6,why_before_generic_optimization,why before 汎用 最適化,varchar,conditional,no,no,,,反復誤差と初期値依存を避ける,why before 汎用 最適化を表す列。,
SF00378,21_alternative_checks,alternative_solution_checks,7,false_positive_warning,false positive warning,varchar,conditional,no,no,,,専用構造が近似的な場合は還元誤差・制約を確認。,false positive warningを表す列。,
SF00379,21_alternative_checks,alternative_solution_checks,8,related_problem_ids,関連 問題 ids,id_list_text,no,no,no,,,PA001;PA006,関連 問題 idsを表す列。,Use canonical bridge table instead of parsing list text.
SF00380,21_alternative_checks,alternative_solution_checks,9,representative_implementations,representative implementations,varchar,conditional,no,no,,,I_JAXOPT;I_CASADI,representative implementationsを表す列。,
SF00381,21_alternative_checks,alternative_solution_checks,10,source_ids,根拠情報源ID,id_list_text,conditional,no,no,,,S054;S055;S056,Supporting sources; canonical row-level provenance is in 27_evidence_links.,Use canonical bridge table instead of parsing list text.
SF00382,21_alternative_checks,alternative_solution_checks,11,confidence,確信度,varchar,conditional,no,no,,confidence,high,"Confidence in the recorded claim, not algorithm success probability.",
SF00383,21_alternative_checks,alternative_solution_checks,12,last_verified,最終確認日,date,conditional,no,no,,,2026-07-13,Date on which time-sensitive facts or mappings were last checked.,
SF00384,22_problem_alternative_map,problem_alternative_map,1,problem_alternative_map_id,問題 代替 対応 ID,varchar,yes,yes,no,,,PAM0001,問題 代替 対応 IDを表す列。,
SF00385,22_problem_alternative_map,problem_alternative_map,2,problem_id,問題ID,varchar,yes,no,yes,01_problem_archetypes.problem_id,,PA001,問題IDを表す列。,
SF00386,22_problem_alternative_map,problem_alternative_map,3,alternative_id,代替解法ID,varchar,yes,no,yes,21_alternative_checks.alternative_id,,ALT_CLOSED_FORM,代替解法IDを表す列。,
SF00387,22_problem_alternative_map,problem_alternative_map,4,priority,優先度,varchar,conditional,no,no,,alternative_priority,precheck,優先度を表す列。,
SF00388,22_problem_alternative_map,problem_alternative_map,5,sequence,順序,integer,conditional,no,no,,,1,順序を表す列。,
SF00389,22_problem_alternative_map,problem_alternative_map,6,rationale,根拠,text,conditional,no,no,,,閉形式解候補に汎用最適化を適用する前に 閉形式解 を検討。,根拠を表す列。,
SF00390,22_problem_alternative_map,problem_alternative_map,7,source_ids,根拠情報源ID,id_list_text,conditional,no,no,,,S055;S056;S054,Supporting sources; canonical row-level provenance is in 27_evidence_links.,Use canonical bridge table instead of parsing list text.
SF00391,22_problem_alternative_map,problem_alternative_map,8,confidence,確信度,varchar,conditional,no,no,,confidence,high,"Confidence in the recorded claim, not algorithm success probability.",
SF00392,22_problem_alternative_map,problem_alternative_map,9,last_verified,最終確認日,date,conditional,no,no,,,2026-07-13,Date on which time-sensitive facts or mappings were last checked.,
SF00393,23_case_feature_map,case_feature_map,1,case_feature_map_id,シナリオ 特徴 対応 ID,varchar,yes,yes,no,,,CFM00001,シナリオ 特徴 対応 IDを表す列。,
SF00394,23_case_feature_map,case_feature_map,2,case_id,シナリオID,varchar,yes,no,yes,14_example_cases.case_id,,EC001,シナリオIDを表す列。,
SF00395,23_case_feature_map,case_feature_map,3,feature_id,特徴ID,varchar,yes,no,yes,02_problem_features.feature_id,,F_VARIABLE_DOMAIN,特徴IDを表す列。,
SF00396,23_case_feature_map,case_feature_map,4,feature_value_id,特徴値ID,varchar,conditional,no,yes,03_feature_values.feature_value_id,,FV0001,特徴値IDを表す列。,Nullable by design: absent when not applicable or when the relation is scenario-specific.
SF00397,23_case_feature_map,case_feature_map,5,value_text,値 文字列,varchar,no,no,no,,,discrete,値 文字列を表す列。,
SF00398,23_case_feature_map,case_feature_map,6,truth_status,真偽 状態,varchar,conditional,no,no,,truth_status,yes,真偽 状態を表す列。,
SF00399,23_case_feature_map,case_feature_map,7,notes,注意事項,text,conditional,no,no,,,Inherited from representative archetype; concrete instance summary takes precedence.,注意事項を表す列。,
SF00400,23_case_feature_map,case_feature_map,8,source_ids,根拠情報源ID,id_list_text,conditional,no,no,,,S002;S056,Supporting sources; canonical row-level provenance is in 27_evidence_links.,Use canonical bridge table instead of parsing list text.
SF00401,23_case_feature_map,case_feature_map,9,confidence,確信度,varchar,conditional,no,no,,confidence,medium,"Confidence in the recorded claim, not algorithm success probability.",
SF00402,23_case_feature_map,case_feature_map,10,last_verified,最終確認日,date,conditional,no,no,,,2026-07-13,Date on which time-sensitive facts or mappings were last checked.,
SF00403,24_case_method_map,case_method_map,1,case_method_map_id,シナリオ 手法 対応 ID,varchar,yes,yes,no,,,CMM0001,シナリオ 手法 対応 IDを表す列。,
SF00404,24_case_method_map,case_method_map,2,case_id,シナリオID,varchar,yes,no,yes,14_example_cases.case_id,,EC001,シナリオIDを表す列。,
SF00405,24_case_method_map,case_method_map,3,method_id,手法ID,varchar,yes,no,yes,04_methods.method_id,,M_BFGS,手法IDを表す列。,
SF00406,24_case_method_map,case_method_map,4,role,役割,varchar,conditional,no,no,,case_method_role,first_choice,役割を表す列。,
SF00407,24_case_method_map,case_method_map,5,fit_id,適合関係ID,varchar,conditional,no,yes,08_problem_method_fit.fit_id,,PMF00026,適合関係IDを表す列。,Nullable by design: absent when not applicable or when the relation is scenario-specific.
SF00408,24_case_method_map,case_method_map,6,rationale,根拠,text,conditional,no,no,,,gradientを使うBFGSは評価効率がよく、dense curvatureが許容される。二階情報が正確ならtrust-exact。,根拠を表す列。,
SF00409,24_case_method_map,case_method_map,7,source_ids,根拠情報源ID,id_list_text,conditional,no,no,,,S002;S056;S057,Supporting sources; canonical row-level provenance is in 27_evidence_links.,Use canonical bridge table instead of parsing list text.
SF00410,24_case_method_map,case_method_map,8,confidence,確信度,varchar,conditional,no,no,,confidence,high,"Confidence in the recorded claim, not algorithm success probability.",
SF00411,24_case_method_map,case_method_map,9,last_verified,最終確認日,date,conditional,no,no,,,2026-07-13,Date on which time-sensitive facts or mappings were last checked.,
SF00412,25_case_implementation_map,case_implementation_map,1,case_implementation_map_id,シナリオ 実装 対応 ID,varchar,yes,yes,no,,,CIM0001,シナリオ 実装 対応 IDを表す列。,
SF00413,25_case_implementation_map,case_implementation_map,2,case_id,シナリオID,varchar,yes,no,yes,14_example_cases.case_id,,EC001,シナリオIDを表す列。,
SF00414,25_case_implementation_map,case_implementation_map,3,implementation_id,実装ID,varchar,yes,no,yes,06_implementations.implementation_id,,I_SCIPY_BFGS,実装IDを表す列。,
SF00415,25_case_implementation_map,case_implementation_map,4,role,役割,varchar,conditional,no,no,,implementation_role,representative,役割を表す列。,
SF00416,25_case_implementation_map,case_implementation_map,5,sequence,順序,integer,conditional,no,no,,,1,順序を表す列。,
SF00417,25_case_implementation_map,case_implementation_map,6,notes,注意事項,text,conditional,no,no,,,Representative implementation; exact capability/version/options must be verified.,注意事項を表す列。,
SF00418,25_case_implementation_map,case_implementation_map,7,source_ids,根拠情報源ID,id_list_text,conditional,no,no,,,S001;S002,Supporting sources; canonical row-level provenance is in 27_evidence_links.,Use canonical bridge table instead of parsing list text.
SF00419,25_case_implementation_map,case_implementation_map,8,confidence,確信度,varchar,conditional,no,no,,confidence,high,"Confidence in the recorded claim, not algorithm success probability.",
SF00420,25_case_implementation_map,case_implementation_map,9,last_verified,最終確認日,date,conditional,no,no,,,2026-07-13,Date on which time-sensitive facts or mappings were last checked.,
SF00421,26_case_alternative_map,case_alternative_map,1,case_alternative_map_id,シナリオ 代替 対応 ID,varchar,yes,yes,no,,,CAM0001,シナリオ 代替 対応 IDを表す列。,
SF00422,26_case_alternative_map,case_alternative_map,2,case_id,シナリオID,varchar,yes,no,yes,14_example_cases.case_id,,EC001,シナリオIDを表す列。,
SF00423,26_case_alternative_map,case_alternative_map,3,alternative_id,代替解法ID,varchar,yes,no,yes,21_alternative_checks.alternative_id,,ALT_CLOSED_FORM,代替解法IDを表す列。,
SF00424,26_case_alternative_map,case_alternative_map,4,sequence,順序,integer,conditional,no,no,,,1,順序を表す列。,
SF00425,26_case_alternative_map,case_alternative_map,5,rationale,根拠,text,conditional,no,no,,,滑らかな低次元の制約なし連続最適化での事前確認: 反復誤差と初期値依存を避ける,根拠を表す列。,
SF00426,26_case_alternative_map,case_alternative_map,6,source_ids,根拠情報源ID,id_list_text,conditional,no,no,,,S002;S056;S057;S003;S054;S055,Supporting sources; canonical row-level provenance is in 27_evidence_links.,Use canonical bridge table instead of parsing list text.
SF00427,26_case_alternative_map,case_alternative_map,7,confidence,確信度,varchar,conditional,no,no,,confidence,high,"Confidence in the recorded claim, not algorithm success probability.",
SF00428,26_case_alternative_map,case_alternative_map,8,last_verified,最終確認日,date,conditional,no,no,,,2026-07-13,Date on which time-sensitive facts or mappings were last checked.,
SF00429,27_evidence_links,evidence_links,1,evidence_link_id,証拠 link ID,varchar,yes,yes,no,,,EL000001,証拠 link IDを表す列。,
SF00430,27_evidence_links,evidence_links,2,source_id,情報源ID,varchar,yes,no,yes,15_sources.source_id,,S055,情報源IDを表す列。,
SF00431,27_evidence_links,evidence_links,3,target_table,対象 table,varchar,conditional,no,no,,,problem_archetypes,対象 tableを表す列。,
SF00432,27_evidence_links,evidence_links,4,target_id,対象 ID,varchar,conditional,no,no,,,PA001,対象 IDを表す列。,
SF00433,27_evidence_links,evidence_links,5,supported_field,支持 項目,varchar,conditional,no,no,,,row,支持 項目を表す列。,
SF00434,27_evidence_links,evidence_links,6,claim_summary,主張 概要,text,no,no,no,,,閉形式解候補。変数=continuous、目的=general_nonlinear、制約=unconstrained。,主張 概要を表す列。,
SF00435,27_evidence_links,evidence_links,7,evidence_role,証拠 役割,varchar,conditional,no,no,,,supporting_or_primary,証拠 役割を表す列。,
SF00436,27_evidence_links,evidence_links,8,confidence,確信度,varchar,conditional,no,no,,confidence,high,"Confidence in the recorded claim, not algorithm success probability.",
SF00437,27_evidence_links,evidence_links,9,last_verified,最終確認日,date,conditional,no,no,,,2026-07-13,Date on which time-sensitive facts or mappings were last checked.,
SF00438,30_model_revisions,model_revisions,1,revision_id,revision ID,varchar,yes,yes,no,,,MR001,revision IDを表す列。,
SF00439,30_model_revisions,model_revisions,2,trigger_case_ids,trigger シナリオ ids,id_list_text,conditional,no,no,,,EC028;EC001;EC010,trigger シナリオ idsを表す列。,Use canonical bridge table instead of parsing list text.
SF00440,30_model_revisions,model_revisions,3,issue_found,課題 found,varchar,conditional,no,no,,,求根・閉形式・LP/graph等を汎用最適化の同列候補にすると誤推奨になる。,課題 foundを表す列。,
SF00441,30_model_revisions,model_revisions,4,schema_change,schema change,varchar,conditional,no,no,,,alternative_solution_checksを独立entityとして追加し、problem_archetypesからmany-to-many参照。,schema changeを表す列。,
SF00442,30_model_revisions,model_revisions,5,reason,reason,text,conditional,no,no,,,『最適化algorithmを選ぶ前に問題を正しく還元する』判断を表現するため。,reasonを表す列。,
SF00443,30_model_revisions,model_revisions,6,version,version,varchar,conditional,no,no,,,0.1.0,versionを表す列。,
SF00444,30_model_revisions,model_revisions,7,date,日付,date,conditional,no,no,,,2026-07-13,日付を表す列。,
SF00445,31_version_history,version_history,1,version,version,varchar,yes,yes,no,,,0.1.0,versionを表す列。,
SF00446,31_version_history,version_history,2,release_date,release 日付,date,conditional,no,no,,,2026-07-13,release 日付を表す列。,
SF00447,31_version_history,version_history,3,status,状態,varchar,conditional,no,no,,,initial_research_release,状態を表す列。,
SF00448,31_version_history,version_history,4,summary,概要,text,conditional,no,no,,,"Normalized schema, controlled vocabularies, representative initial dataset, decision rules, diagnostics, 28 validation scenarios.",概要を表す列。,
SF00449,31_version_history,version_history,5,breaking_changes,breaking changes,varchar,conditional,no,no,,,not_applicable,breaking changesを表す列。,
SF00450,31_version_history,version_history,6,source_policy,情報源 policy,varchar,conditional,no,no,,,"official docs/repos, original papers, trusted textbooks; Qiita/Zenn excluded",情報源 policyを表す列。,
SF00451,31_version_history,version_history,7,notes,注意事項,text,conditional,no,no,,,Representative rather than exhaustive. unknown and implementation_dependent are retained explicitly.,注意事項を表す列。,
SF00452,28_schema_dictionary,schema_dictionary,1,schema_field_id,schema 項目 ID,varchar,yes,yes,no,,,SF00001,schema 項目 IDを表す列。,
SF00453,28_schema_dictionary,schema_dictionary,2,sheet_name,sheet名,varchar,yes,no,no,,,00_README,sheet名を表す列。,
SF00454,28_schema_dictionary,schema_dictionary,3,table_name,table名,varchar,yes,no,no,,,readme,table名を表す列。,
SF00455,28_schema_dictionary,schema_dictionary,4,column_order,column order,integer,yes,no,no,,,1,column orderを表す列。,
SF00456,28_schema_dictionary,schema_dictionary,5,column_name,列名,varchar,yes,no,no,,,section,列名を表す列。,
SF00457,28_schema_dictionary,schema_dictionary,6,display_name_ja,display 名称 日本語,varchar,yes,no,no,,,section,display 名称 日本語を表す列。,
SF00458,28_schema_dictionary,schema_dictionary,7,data_type,データ型,varchar,yes,no,no,,,varchar,データ型を表す列。,
SF00459,28_schema_dictionary,schema_dictionary,8,required,必須性,varchar,yes,no,no,,,yes,必須性を表す列。,
SF00460,28_schema_dictionary,schema_dictionary,9,primary_key,主キー,varchar,yes,no,no,,,yes,主キーを表す列。,
SF00461,28_schema_dictionary,schema_dictionary,10,foreign_key,外部キー,varchar,yes,no,no,,,no,外部キーを表す列。,
SF00462,28_schema_dictionary,schema_dictionary,11,foreign_key_target,外部キー参照先,varchar,yes,no,no,,,,外部キー参照先を表す列。,
SF00463,28_schema_dictionary,schema_dictionary,12,controlled_vocabulary,統制語彙,varchar,yes,no,no,,,,統制語彙を表す列。,
SF00464,28_schema_dictionary,schema_dictionary,13,example_value,値の例,varchar,yes,no,no,,,title,値の例を表す列。,
SF00465,28_schema_dictionary,schema_dictionary,14,definition,定義,text,yes,no,no,,,sectionを表す列。,定義を表す列。,
SF00466,28_schema_dictionary,schema_dictionary,15,notes,注意事項,text,yes,no,no,,,,注意事項を表す列。,
SF00467,29_sheet_catalog,sheet_catalog,1,sheet_name,sheet名,varchar,yes,yes,no,,,00_README,sheet名を表す列。,
SF00468,29_sheet_catalog,sheet_catalog,2,table_name,table名,varchar,yes,no,no,,,readme,table名を表す列。,
SF00469,29_sheet_catalog,sheet_catalog,3,purpose,目的,varchar,yes,no,no,,,利用範囲、設計原則、source policy、使い方、KPI dashboard。,目的を表す列。,
SF00470,29_sheet_catalog,sheet_catalog,4,primary_key,主キー,varchar,yes,no,no,,,section+item,主キーを表す列。,
SF00471,29_sheet_catalog,sheet_catalog,5,foreign_keys,foreign keys,varchar,yes,no,no,,,,foreign keysを表す列。,
SF00472,29_sheet_catalog,sheet_catalog,6,row_count,行数,integer,yes,no,no,,,22,行数を表す列。,
SF00473,29_sheet_catalog,sheet_catalog,7,column_count,column count,integer,yes,no,no,,,4,column countを表す列。,
SF00474,29_sheet_catalog,sheet_catalog,8,normalization_role,正規化上の役割,varchar,yes,no,no,,,documentation,正規化上の役割を表す列。,
SF00475,29_sheet_catalog,sheet_catalog,9,derived_or_base,基礎/派生,varchar,yes,no,no,,,base,基礎/派生を表す列。,
SF00476,29_sheet_catalog,sheet_catalog,10,update_frequency,update frequency,varchar,yes,no,no,,,as_needed,update frequencyを表す列。,
SF00477,29_sheet_catalog,sheet_catalog,11,notes,注意事項,text,yes,no,no,,,Semicolon ID lists are convenience fields when a canonical bridge/evidence table exists.,注意事項を表す列。,
SF00478,11_decision_rules,decision_rules,6,action_target_type,作用対象種別,varchar,yes,no,no,,decision_action_target_type,method,action_target_idsが参照するentity種別。,Polymorphic semicolon-ID fieldの解釈を明示する。
SF00479,32_release_checks,release_checks,1,check_id,検証ID,varchar,yes,yes,no,,,CHK001,検証項目の一意ID。,
SF00480,32_release_checks,release_checks,2,check_name,検証名,varchar,yes,no,no,,,SQLite full data load,検証項目名。,
SF00481,32_release_checks,release_checks,3,scope,対象範囲,varchar,yes,no,no,,,all tables,検証対象。,
SF00482,32_release_checks,release_checks,4,severity,重要度,varchar,yes,no,no,,,critical,失敗時の影響度。,
SF00483,32_release_checks,release_checks,5,status,状態,varchar,yes,no,no,,check_status,pass,検証結果。,
SF00484,32_release_checks,release_checks,6,observed_value,観測値,text,conditional,no,no,,,0 errors,実測値・件数。,
SF00485,32_release_checks,release_checks,7,expected_condition,期待条件,text,yes,no,no,,,zero errors,合格条件。,
SF00486,32_release_checks,release_checks,8,details,詳細,text,conditional,no,no,,,,補足・警告・修復情報。,
SF00487,32_release_checks,release_checks,9,checked_at,検証日,date,yes,no,no,,,2026-07-13,検証実行日。,
